time,gFx,gFy,gFz,TgF
5.014,-0.6415,-0.6753,0.1064,0.938
5.014,-0.7915,-0.5771,0.1176,0.987
5.014,-0.7755,-0.5597,0.0701,0.9590000000000001
5.015,-0.6608,-0.6224,0.0154,0.9079999999999999
5.015,-0.6199,-0.6842,-0.0007,0.9229999999999999
5.015,-0.6542,-0.7086,-0.0066,0.9640000000000001
5.015,-0.7009,-0.691,-0.0144,0.9840000000000001
5.016,-0.702,-0.667,-0.0217,0.9690000000000001
5.016,-0.6606,-0.6611,-0.0164,0.935
5.017,-0.6221,-0.6632,-0.0021,0.909
5.017,-0.6149,-0.6611,0.0164,0.903
5.017,-0.6215,-0.6533,0.0277,0.902
5.017,-0.6235,-0.645,0.0286,0.898
5.017,-0.6172,-0.6445,0.0277,0.893
5.018,-0.6084,-0.6439,0.0248,0.8859999999999999
5.018,-0.6055,-0.6409,0.0258,0.882
5.018,-0.6036,-0.6384,0.0292,0.879
5.018,-0.5998,-0.636,0.0341,0.875
5.018,-0.5954,-0.6359,0.0341,0.872
5.019,-0.5885,-0.6368,0.0341,0.868
5.019,-0.5841,-0.6373,0.0306,0.865
5.019,-0.5821,-0.6411,0.0287,0.866
5.019,-0.5787,-0.6397,0.0292,0.863
5.02,-0.5743,-0.6401,0.0297,0.86
5.02,-0.5684,-0.64,0.0311,0.857
5.02,-0.565,-0.639,0.0326,0.8540000000000001
5.02,-0.5582,-0.6394,0.0365,0.85
5.02,-0.5529,-0.6379,0.0399,0.845
5.021,-0.548,-0.6368,0.0419,0.841
5.021,-0.5475,-0.6339,0.0443,0.8390000000000001
5.021,-0.5441,-0.6334,0.0473,0.836
5.021,-0.5427,-0.6334,0.0473,0.835
5.021,-0.5407,-0.6334,0.0468,0.8340000000000001
5.022,-0.5392,-0.6348,0.0449,0.8340000000000001
5.022,-0.5406,-0.6373,0.0444,0.8370000000000001
5.022,-0.5406,-0.6392,0.0443,0.838
5.022,-0.5377,-0.6426,0.0433,0.8390000000000001
5.023,-0.5347,-0.6436,0.0433,0.838
5.023,-0.5347,-0.644,0.0439,0.838
5.023,-0.5322,-0.6455,0.0439,0.838
5.023,-0.5322,-0.647,0.0419,0.8390000000000001
5.023,-0.5322,-0.6499,0.0414,0.841
5.024,-0.5307,-0.6519,0.0409,0.8420000000000001
5.024,-0.5326,-0.6553,0.0409,0.845
5.024,-0.5355,-0.6583,0.0404,0.85
5.024,-0.5374,-0.6642,0.0409,0.855
5.024,-0.5388,-0.6677,0.0399,0.8590000000000001
5.025,-0.5412,-0.6706,0.038,0.863
5.025,-0.5431,-0.6746,0.037,0.867
5.027,-0.5464,-0.677,0.0355,0.871
5.034,-0.5459,-0.6799,0.0331,0.873
5.034,-0.5468,-0.6824,0.0292,0.875
5.034,-0.5483,-0.6849,0.0267,0.878
5.036,-0.5496,-0.6888,0.0238,0.882
5.038,-0.5496,-0.6932,0.0199,0.885
5.043,-0.5505,-0.6972,0.0165,0.888
5.045,-0.5538,-0.702,0.014,0.894
5.046,-0.5532,-0.7089,0.0086,0.899
5.048,-0.555,-0.7119,0.0062,0.903
5.051,-0.553,-0.7177,0.0042,0.9059999999999999
5.055,-0.5515,-0.7196,0.0013,0.907
5.056,-0.5466,-0.7225,0.0013,0.9059999999999999
5.058,-0.5397,-0.7244,0.0013,0.903
5.06,-0.5344,-0.7238,0.0008,0.9
5.064,-0.5265,-0.7228,0.0032,0.894
5.065,-0.5197,-0.7212,0.0023,0.889
5.068,-0.5109,-0.7202,0.0018,0.883
5.07,-0.5037,-0.72,0.0033,0.879
5.073,-0.4978,-0.721,0.0048,0.8759999999999999
5.075,-0.49,-0.7189,0.0067,0.87
5.078,-0.4813,-0.7174,0.0087,0.8640000000000001
5.08,-0.4744,-0.7144,0.0106,0.858
5.083,-0.4687,-0.7089,0.0121,0.85
5.085,-0.4638,-0.7084,0.0126,0.847
5.088,-0.4599,-0.7069,0.0145,0.843
5.09,-0.457,-0.7053,0.014,0.841
5.092,-0.456,-0.7058,0.0155,0.84
5.095,-0.457,-0.7053,0.0184,0.841
5.098,-0.4594,-0.7103,0.0175,0.846
5.1,-0.4637,-0.7147,0.0175,0.852
5.103,-0.4715,-0.7212,0.0179,0.862
5.105,-0.4826,-0.7306,0.0165,0.8759999999999999
5.108,-0.4982,-0.7406,0.016,0.893
5.11,-0.5121,-0.753,0.014,0.9109999999999999
5.112,-0.5276,-0.7674,0.0106,0.9309999999999999
5.115,-0.545,-0.7828,0.0081,0.9540000000000001
5.117,-0.5629,-0.7987,0.0056,0.977
5.12,-0.5807,-0.8155,0.0017,1.001
5.122,-0.5977,-0.8324,-0.0027,1.025
5.124,-0.6135,-0.8491,-0.0071,1.048
5.127,-0.6285,-0.8631,-0.0101,1.068
5.132,-0.639,-0.8749,-0.013,1.084
5.132,-0.6467,-0.8844,-0.0169,1.0959999999999999
5.134,-0.6534,-0.8927,-0.0233,1.107
5.136,-0.6592,-0.8982,-0.0253,1.114
5.14,-0.6636,-0.8998,-0.0267,1.1179999999999999
5.142,-0.6636,-0.9007,-0.0267,1.119
5.144,-0.6616,-0.8992,-0.0277,1.117
5.146,-0.6626,-0.8968,-0.0302,1.115
5.149,-0.6655,-0.8939,-0.0312,1.115
5.153,-0.6675,-0.8905,-0.0331,1.113
5.154,-0.6696,-0.8851,-0.0336,1.11
5.156,-0.6696,-0.8777,-0.0331,1.104
5.159,-0.6682,-0.8718,-0.0317,1.099
5.161,-0.665,-0.862,-0.0267,1.089
5.164,-0.6599,-0.8458,-0.0184,1.073
5.167,-0.6558,-0.8306,-0.0067,1.058
5.168,-0.6522,-0.8139,0.0085,1.043
5.171,-0.6502,-0.7963,0.0261,1.028
5.174,-0.6505,-0.7792,0.0437,1.016
5.176,-0.6504,-0.763,0.0643,1.005
5.178,-0.6497,-0.7478,0.0799,0.9940000000000001
5.181,-0.6486,-0.7341,0.0941,0.9840000000000001
5.184,-0.6518,-0.7214,0.1098,0.978
5.186,-0.6564,-0.7122,0.1225,0.976
5.188,-0.6669,-0.706,0.1372,0.981
5.191,-0.6774,-0.7003,0.1474,0.985
5.193,-0.6873,-0.6975,0.1562,0.992
5.195,-0.7026,-0.6947,0.166,1.002
5.198,-0.7183,-0.6929,0.1733,1.013
5.2,-0.7339,-0.6965,0.1772,1.0270000000000001
5.203,-0.7526,-0.6943,0.1821,1.04
5.205,-0.7716,-0.699,0.187,1.058
5.209,-0.7922,-0.7051,0.1914,1.078
5.211,-0.8137,-0.7097,0.1937,1.097
5.213,-0.8351,-0.7135,0.1933,1.115
5.215,-0.8551,-0.72,0.1933,1.1340000000000001
5.217,-0.8765,-0.7266,0.1908,1.1540000000000001
5.22,-0.8949,-0.7327,0.1883,1.172
5.223,-0.9154,-0.7408,0.1834,1.192
5.225,-0.9348,-0.7473,0.1781,1.21
5.227,-0.9552,-0.7554,0.1716,1.23
5.231,-0.9706,-0.7649,0.1638,1.247
5.233,-0.9851,-0.7719,0.156,1.261
5.235,-0.9982,-0.7785,0.1486,1.275
5.237,-1.0093,-0.7874,0.1394,1.288
5.24,-1.0209,-0.7963,0.1281,1.301
5.242,-1.03,-0.8042,0.1188,1.3119999999999998
5.245,-1.0405,-0.8097,0.108,1.3230000000000002
5.247,-1.0477,-0.8162,0.0939,1.331
5.249,-1.0518,-0.823,0.0806,1.338
5.255,-1.056,-0.8299,0.0679,1.345
5.256,-1.0578,-0.8333,0.0542,1.348
5.257,-1.0547,-0.8377,0.04,1.347
5.259,-1.0521,-0.8406,0.0264,1.347
5.262,-1.0505,-0.842,0.0146,1.3459999999999999
5.265,-1.0484,-0.8434,0.0019,1.3459999999999999
5.267,-1.0434,-0.8433,-0.0069,1.3419999999999999
5.269,-1.038,-0.8389,-0.0157,1.335
5.271,-1.0317,-0.831,-0.022,1.325
5.274,-1.0234,-0.8216,-0.0279,1.3130000000000002
5.277,-1.0146,-0.8112,-0.0319,1.2990000000000002
5.279,-1.0055,-0.7983,-0.0362,1.284
5.281,-0.9953,-0.7855,-0.0406,1.2690000000000001
5.284,-0.9832,-0.7711,-0.0474,1.25
5.287,-0.9706,-0.7581,-0.0582,1.2329999999999999
5.289,-0.9569,-0.7438,-0.0645,1.214
5.291,-0.9434,-0.7304,-0.0714,1.195
5.294,-0.9298,-0.718,-0.0762,1.177
5.296,-0.9196,-0.7042,-0.0845,1.161
5.299,-0.9124,-0.6914,-0.0903,1.148
5.301,-0.9056,-0.679,-0.0962,1.136
5.304,-0.9007,-0.6652,-0.104,1.125
5.306,-0.8955,-0.6514,-0.1094,1.113
5.309,-0.8916,-0.6381,-0.1157,1.103
5.311,-0.8883,-0.6283,-0.1216,1.095
5.314,-0.8854,-0.6184,-0.127,1.087
5.316,-0.8855,-0.6121,-0.1304,1.084
5.318,-0.8846,-0.6047,-0.1328,1.08
5.321,-0.8841,-0.5988,-0.1348,1.0759999999999998
5.323,-0.8803,-0.5919,-0.1358,1.069
5.326,-0.8794,-0.5856,-0.1362,1.065
5.328,-0.8785,-0.5792,-0.1338,1.061
5.332,-0.8776,-0.5733,-0.1314,1.056
5.333,-0.8772,-0.5694,-0.1284,1.054
5.335,-0.8744,-0.5635,-0.1255,1.048
5.338,-0.8725,-0.5601,-0.1201,1.044
5.34,-0.8706,-0.5571,-0.1157,1.04
5.344,-0.8697,-0.5551,-0.1137,1.038
5.345,-0.8688,-0.5497,-0.1059,1.034
5.348,-0.8665,-0.5483,-0.101,1.03
5.35,-0.8665,-0.5483,-0.0952,1.03
5.353,-0.867,-0.5483,-0.0893,1.03
5.355,-0.8666,-0.5493,-0.083,1.0290000000000001
5.357,-0.8658,-0.5483,-0.0747,1.0270000000000001
5.36,-0.8639,-0.5473,-0.0673,1.025
5.362,-0.8634,-0.5473,-0.0585,1.024
5.365,-0.864,-0.5444,-0.0507,1.022
5.367,-0.8612,-0.5429,-0.0443,1.0190000000000001
5.37,-0.8599,-0.5399,-0.0341,1.016
5.372,-0.857,-0.5379,-0.0237,1.012
5.375,-0.8557,-0.5345,-0.015,1.0090000000000001
5.377,-0.8548,-0.5359,-0.0056,1.0090000000000001
5.38,-0.8515,-0.533,0.0042,1.005
5.382,-0.8535,-0.535,0.0134,1.0070000000000001
5.385,-0.8546,-0.536,0.0232,1.0090000000000001
5.39,-0.8557,-0.535,0.0305,1.01
5.39,-0.8533,-0.5306,0.0369,1.006
5.392,-0.8548,-0.5306,0.0442,1.0070000000000001
5.394,-0.8515,-0.5282,0.0515,1.003
5.517,-0.8516,-0.5257,0.0599,1.003
5.518,-0.8493,-0.5223,0.0653,0.9990000000000001
5.518,-0.8489,-0.5174,0.0692,0.997
5.518,-0.8451,-0.5149,0.075,0.992
5.518,-0.8422,-0.5134,0.0794,0.99
5.519,-0.8408,-0.5115,0.0858,0.988
5.519,-0.8409,-0.51,0.0927,0.988
5.519,-0.8424,-0.5106,0.0985,0.99
5.519,-0.8444,-0.5066,0.1044,0.99
5.52,-0.846,-0.5027,0.1113,0.99
5.52,-0.8451,-0.5032,0.1162,0.99
5.52,-0.8491,-0.4994,0.1206,0.992
5.52,-0.8521,-0.5009,0.1269,0.997
5.521,-0.856,-0.5005,0.1308,1.0
5.521,-0.8615,-0.4996,0.1372,1.005
5.521,-0.8654,-0.4986,0.1411,1.0090000000000001
5.521,-0.8714,-0.4992,0.1489,1.015
5.522,-0.8788,-0.5008,0.1567,1.023
5.522,-0.8842,-0.5008,0.164,1.0290000000000001
5.523,-0.8872,-0.5029,0.1718,1.034
5.523,-0.8902,-0.5014,0.1816,1.038
5.523,-0.8942,-0.5019,0.1909,1.043
5.523,-0.9002,-0.5006,0.2036,1.05
5.524,-0.9043,-0.4992,0.2139,1.055
5.525,-0.9128,-0.4983,0.2237,1.064
5.525,-0.9212,-0.497,0.2369,1.073
5.525,-0.9301,-0.4996,0.2506,1.085
5.525,-0.9385,-0.4992,0.2633,1.095
5.526,-0.9479,-0.4979,0.274,1.105
5.526,-0.9568,-0.498,0.2848,1.1159999999999999
5.526,-0.9686,-0.5001,0.2921,1.129
5.526,-0.9794,-0.4992,0.2999,1.139
5.526,-0.9917,-0.5013,0.3043,1.1520000000000001
5.527,-1.0019,-0.5019,0.3077,1.162
5.527,-1.0142,-0.5035,0.3136,1.175
5.527,-1.0255,-0.5052,0.317,1.186
5.527,-1.0368,-0.5038,0.3185,1.196
5.527,-1.0495,-0.503,0.3195,1.207
5.528,-1.0607,-0.5021,0.317,1.216
5.528,-1.0711,-0.4974,0.3185,1.2229999999999999
5.528,-1.0818,-0.4941,0.317,1.2309999999999999
5.528,-1.0922,-0.4908,0.3145,1.238
5.528,-1.1019,-0.4879,0.3101,1.244
5.529,-1.1146,-0.4841,0.3042,1.253
5.529,-1.1243,-0.4803,0.2984,1.2590000000000001
5.529,-1.1352,-0.474,0.2935,1.265
5.529,-1.1435,-0.4708,0.2895,1.27
5.529,-1.1519,-0.4645,0.2846,1.274
5.53,-1.1602,-0.4567,0.2798,1.278
5.53,-1.1671,-0.4509,0.2739,1.281
5.53,-1.1749,-0.4461,0.2695,1.285
5.53,-1.1827,-0.4403,0.2627,1.2890000000000001
5.53,-1.19,-0.436,0.2563,1.2930000000000001
5.53,-1.1978,-0.4341,0.247,1.298
5.531,-1.2065,-0.4317,0.2396,1.304
5.534,-1.2128,-0.4288,0.2338,1.307
5.534,-1.2172,-0.4244,0.2274,1.3090000000000002
5.537,-1.2255,-0.4245,0.2196,1.315
5.54,-1.2352,-0.4227,0.2128,1.3230000000000002
5.542,-1.244,-0.4227,0.2074,1.33
5.545,-1.2488,-0.4223,0.2005,1.3330000000000002
5.547,-1.2547,-0.4214,0.1975,1.338
5.549,-1.2611,-0.4195,0.1961,1.3430000000000002
5.551,-1.2664,-0.4166,0.1941,1.347
5.554,-1.2718,-0.4142,0.1917,1.351
5.56,-1.2767,-0.4109,0.1917,1.355
5.56,-1.285,-0.4085,0.1907,1.3619999999999999
5.561,-1.2939,-0.4062,0.1907,1.369
5.564,-1.3056,-0.4092,0.1892,1.381
5.572,-1.3212,-0.4133,0.1892,1.3969999999999998
5.572,-1.3372,-0.4154,0.1872,1.413
5.573,-1.3562,-0.423,0.1857,1.433
5.573,-1.3767,-0.4297,0.1833,1.454
5.576,-1.401,-0.4412,0.1784,1.48
5.579,-1.4271,-0.4562,0.1735,1.508
5.581,-1.4547,-0.4736,0.1691,1.5390000000000001
5.584,-1.4848,-0.495,0.1641,1.574
5.586,-1.5143,-0.5198,0.1602,1.609
5.589,-1.5457,-0.5467,0.1572,1.6469999999999998
5.591,-1.5752,-0.5749,0.1528,1.6840000000000002
5.593,-1.6042,-0.6027,0.1489,1.72
5.595,-1.6298,-0.6295,0.1503,1.754
5.598,-1.6564,-0.6577,0.1503,1.788
5.601,-1.6824,-0.6849,0.1512,1.8230000000000002
5.603,-1.7061,-0.7102,0.1488,1.854
5.605,-1.7239,-0.7315,0.1468,1.8780000000000001
5.608,-1.7388,-0.7492,0.1443,1.899
5.61,-1.7504,-0.7616,0.1419,1.9140000000000001
5.613,-1.7629,-0.775,0.1394,1.931
5.615,-1.7702,-0.7819,0.1389,1.94
5.618,-1.7706,-0.784,0.1365,1.9409999999999998
5.621,-1.7677,-0.7805,0.134,1.9369999999999998
5.623,-1.7624,-0.7721,0.1297,1.9280000000000002
5.625,-1.7518,-0.7587,0.1248,1.913
5.627,-1.7363,-0.7409,0.1179,1.891
5.63,-1.7149,-0.719,0.1091,1.8630000000000002
5.632,-1.6872,-0.6937,0.1009,1.827
5.635,-1.6561,-0.6674,0.0872,1.788
5.637,-1.622,-0.6464,0.073,1.7480000000000002
5.64,-1.591,-0.6196,0.0648,1.709
5.642,-1.5609,-0.5923,0.0604,1.671
5.645,-1.5323,-0.5694,0.055,1.636
5.647,-1.509,-0.5471,0.0526,1.6059999999999999
5.649,-1.4848,-0.5286,0.0531,1.577
5.652,-1.4605,-0.5137,0.0585,1.5490000000000002
5.654,-1.4362,-0.5016,0.0571,1.5219999999999998
5.657,-1.4158,-0.4902,0.0541,1.499
5.659,-1.4007,-0.4861,0.0512,1.483
5.662,-1.387,-0.4854,0.0507,1.47
5.664,-1.3772,-0.4916,0.0537,1.463
5.667,-1.3664,-0.4979,0.0601,1.456
5.669,-1.3555,-0.5056,0.064,1.4480000000000002
5.672,-1.3471,-0.5187,0.0703,1.445
5.674,-1.3407,-0.5344,0.0811,1.446
5.677,-1.3338,-0.5515,0.0977,1.4469999999999998
5.679,-1.3313,-0.5726,0.1109,1.453
5.682,-1.3312,-0.5951,0.1275,1.464
5.684,-1.3311,-0.6187,0.1461,1.475
5.686,-1.3344,-0.6471,0.1676,1.492
5.689,-1.3361,-0.678,0.1842,1.51
5.691,-1.337,-0.705,0.2038,1.525
5.694,-1.3392,-0.7374,0.2233,1.545
5.696,-1.341,-0.7683,0.2409,1.564
5.698,-1.3398,-0.8007,0.258,1.5819999999999999
5.704,-1.3352,-0.831,0.2721,1.5959999999999999
5.705,-1.3301,-0.8604,0.2824,1.609
5.706,-1.322,-0.8858,0.2921,1.618
5.708,-1.3125,-0.9126,0.2995,1.626
5.711,-1.3049,-0.9356,0.3004,1.6340000000000001
5.713,-1.294,-0.9546,0.3024,1.636
5.716,-1.2811,-0.973,0.3004,1.6369999999999998
5.718,-1.2667,-0.989,0.2956,1.6340000000000001
5.721,-1.2503,-1.0025,0.2931,1.629
5.723,-1.2306,-1.0126,0.2917,1.62
5.726,-1.2119,-1.0227,0.2887,1.6119999999999999
5.728,-1.1912,-1.0307,0.2878,1.601
5.73,-1.1711,-1.0344,0.2859,1.588
5.733,-1.1481,-1.0371,0.2834,1.5730000000000002
5.735,-1.1255,-1.0403,0.2849,1.5590000000000002
5.738,-1.106,-1.0386,0.2824,1.5430000000000001
5.74,-1.087,-1.0374,0.2815,1.5290000000000001
5.744,-1.0683,-1.0352,0.2781,1.5130000000000001
5.746,-1.0547,-1.0345,0.2737,1.5019999999999998
5.748,-1.0433,-1.0349,0.2674,1.494
5.75,-1.0287,-1.0323,0.2644,1.4809999999999999
5.753,-1.0145,-1.0296,0.2639,1.469
5.755,-0.9974,-1.0226,0.2605,1.452
5.758,-0.9828,-1.0136,0.2576,1.435
5.76,-0.9643,-1.006,0.2547,1.4169999999999998
5.762,-0.9463,-0.995,0.2489,1.396
5.765,-0.9317,-0.9836,0.2464,1.3769999999999998
5.767,-0.9182,-0.9712,0.2411,1.358
5.77,-0.9041,-0.9588,0.2406,1.34
5.772,-0.892,-0.9454,0.2381,1.321
5.775,-0.878,-0.9315,0.2348,1.301
5.777,-0.8653,-0.9196,0.2318,1.284
5.78,-0.8532,-0.9092,0.2299,1.268
5.782,-0.8416,-0.8978,0.227,1.251
5.785,-0.8324,-0.8859,0.2221,1.236
5.787,-0.8241,-0.8774,0.2162,1.2229999999999999
5.789,-0.8198,-0.8671,0.2123,1.212
5.792,-0.8159,-0.8607,0.2045,1.203
5.794,-0.8115,-0.8518,0.1981,1.193
5.797,-0.8091,-0.8434,0.1883,1.1840000000000002
5.799,-0.8067,-0.837,0.179,1.176
5.803,-0.8043,-0.8272,0.1707,1.166
5.804,-0.8057,-0.8213,0.1605,1.162
5.806,-0.8096,-0.8159,0.1517,1.159
5.809,-0.8125,-0.8091,0.1424,1.155
5.811,-0.8159,-0.8023,0.1322,1.1520000000000001
5.814,-0.8193,-0.7994,0.1234,1.151
5.816,-0.8217,-0.7955,0.1136,1.149
5.819,-0.829,-0.7897,0.1072,1.15
5.821,-0.8334,-0.7833,0.0999,1.148
5.827,-0.8373,-0.7789,0.0935,1.147
5.828,-0.8456,-0.7752,0.0891,1.151
5.829,-0.8485,-0.7752,0.0867,1.153
5.831,-0.849,-0.7722,0.0857,1.151
5.833,-0.8466,-0.7697,0.0847,1.147
5.836,-0.8393,-0.7647,0.0847,1.139
5.838,-0.8331,-0.7578,0.0881,1.13
5.841,-0.8253,-0.7548,0.0862,1.122
5.843,-0.8205,-0.7489,0.0872,1.114
5.846,-0.8122,-0.7448,0.0842,1.105
5.848,-0.8005,-0.7398,0.0818,1.093
5.851,-0.7898,-0.7348,0.0769,1.081
5.853,-0.7799,-0.7297,0.073,1.071
5.856,-0.7668,-0.7227,0.0706,1.056
5.859,-0.7556,-0.7207,0.0657,1.046
5.861,-0.7419,-0.7156,0.0613,1.033
5.864,-0.7297,-0.711,0.0579,1.02
5.865,-0.7204,-0.707,0.053,1.011
5.868,-0.7081,-0.7048,0.0486,1.0
5.87,-0.6994,-0.7028,0.0427,0.992
5.873,-0.6935,-0.6998,0.0393,0.986
5.875,-0.6881,-0.6987,0.0354,0.981
5.878,-0.6821,-0.6982,0.031,0.977
5.88,-0.6807,-0.6976,0.0266,0.975
5.883,-0.6777,-0.6991,0.0222,0.9740000000000001
5.885,-0.6752,-0.6976,0.0173,0.971
6.021,-0.6727,-0.6956,0.0149,0.968
6.021,-0.6737,-0.6951,0.0134,0.968
6.022,-0.6727,-0.6956,0.012,0.968
6.022,-0.6707,-0.6946,0.0144,0.966
6.023,-0.6722,-0.6951,0.0159,0.9670000000000001
6.023,-0.6712,-0.6956,0.0164,0.9670000000000001
6.023,-0.6712,-0.697,0.0164,0.968
6.024,-0.6722,-0.6986,0.0183,0.97
6.024,-0.6737,-0.6981,0.0173,0.97
6.024,-0.6747,-0.6976,0.0159,0.971
6.024,-0.6752,-0.699,0.0159,0.972
6.025,-0.6757,-0.699,0.0144,0.972
6.025,-0.6756,-0.6995,0.0139,0.973
6.025,-0.6737,-0.701,0.0115,0.972
6.025,-0.6737,-0.699,0.0085,0.971
6.026,-0.6726,-0.6985,0.0061,0.97
6.026,-0.6696,-0.697,0.0042,0.9670000000000001
6.026,-0.6687,-0.6945,0.0032,0.9640000000000001
6.026,-0.6686,-0.6931,-0.0007,0.963
6.027,-0.6686,-0.6906,-0.0037,0.961
6.027,-0.6667,-0.6871,-0.0061,0.9570000000000001
6.027,-0.6658,-0.6847,-0.0081,0.955
6.027,-0.6638,-0.6813,-0.011,0.951
6.028,-0.6633,-0.6759,-0.0149,0.9470000000000001
6.028,-0.6633,-0.6744,-0.0178,0.946
6.028,-0.6609,-0.6709,-0.0217,0.9420000000000001
6.028,-0.6589,-0.6665,-0.0247,0.938
6.028,-0.6594,-0.664,-0.0286,0.9359999999999999
6.029,-0.6619,-0.6597,-0.032,0.935
6.029,-0.6638,-0.6602,-0.0384,0.937
6.029,-0.6657,-0.6616,-0.0418,0.94
6.029,-0.6652,-0.6607,-0.0452,0.9390000000000001
6.029,-0.6666,-0.6631,-0.0472,0.941
6.03,-0.6641,-0.6636,-0.0501,0.94
6.03,-0.6607,-0.6606,-0.0506,0.9359999999999999
6.03,-0.6588,-0.66,-0.0545,0.934
6.03,-0.6558,-0.6596,-0.053,0.932
6.03,-0.6558,-0.661,-0.0545,0.9329999999999999
6.031,-0.6544,-0.66,-0.0526,0.9309999999999999
6.031,-0.6529,-0.66,-0.0516,0.93
6.031,-0.6505,-0.6639,-0.0506,0.9309999999999999
6.031,-0.6505,-0.6634,-0.0491,0.93
6.031,-0.6486,-0.6634,-0.0457,0.929
6.032,-0.6471,-0.6629,-0.0413,0.927
6.032,-0.6481,-0.6634,-0.036,0.9279999999999999
6.032,-0.6472,-0.6634,-0.0325,0.927
6.032,-0.6482,-0.6644,-0.0271,0.929
6.033,-0.6492,-0.6683,-0.0208,0.932
6.033,-0.6497,-0.6727,-0.0154,0.935
6.033,-0.6512,-0.6782,-0.009,0.94
6.033,-0.6531,-0.6836,-0.0042,0.945
6.033,-0.6536,-0.6904,-0.0007,0.951
6.034,-0.656,-0.6978,0.0037,0.958
6.034,-0.6559,-0.7037,0.0076,0.9620000000000001
6.034,-0.6559,-0.7091,0.0129,0.966
6.034,-0.6534,-0.716,0.0159,0.9690000000000001
6.034,-0.6538,-0.7257,0.0173,0.977
6.035,-0.6523,-0.733,0.0222,0.981
6.035,-0.6522,-0.7429,0.0247,0.9890000000000001
6.035,-0.6546,-0.7498,0.0271,0.996
6.039,-0.6579,-0.762,0.0295,1.0070000000000001
6.04,-0.6617,-0.7744,0.0349,1.0190000000000001
6.04,-0.6626,-0.7862,0.0388,1.0290000000000001
6.042,-0.6644,-0.797,0.0418,1.038
6.045,-0.6644,-0.8068,0.0452,1.046
6.047,-0.6648,-0.8161,0.0491,1.054
6.05,-0.6623,-0.8224,0.0515,1.057
6.052,-0.6627,-0.8342,0.0549,1.067
6.055,-0.6607,-0.8444,0.0584,1.074
6.057,-0.66,-0.8532,0.0598,1.08
6.06,-0.66,-0.8631,0.0623,1.088
6.064,-0.657,-0.8703,0.0647,1.092
6.065,-0.654,-0.8801,0.0696,1.099
6.067,-0.65,-0.8894,0.072,1.104
6.069,-0.646,-0.8963,0.0759,1.107
6.078,-0.6397,-0.9016,0.0818,1.1079999999999999
6.078,-0.6323,-0.9059,0.0863,1.1079999999999999
6.078,-0.624,-0.9088,0.0921,1.1059999999999999
6.079,-0.6177,-0.9102,0.098,1.104
6.082,-0.6061,-0.9101,0.1029,1.0979999999999999
6.087,-0.5978,-0.908,0.1102,1.093
6.087,-0.5842,-0.904,0.1151,1.082
6.089,-0.5737,-0.896,0.1205,1.071
6.091,-0.5591,-0.8885,0.1254,1.057
6.094,-0.5475,-0.8809,0.1313,1.045
6.096,-0.5344,-0.8715,0.1376,1.032
6.099,-0.5234,-0.8645,0.145,1.021
6.101,-0.5181,-0.8571,0.1494,1.013
6.107,-0.5123,-0.8537,0.1553,1.008
6.107,-0.5129,-0.8517,0.1587,1.0070000000000001
6.108,-0.5129,-0.8517,0.1602,1.0070000000000001
6.111,-0.5148,-0.8552,0.1611,1.011
6.113,-0.5177,-0.861,0.1597,1.0170000000000001
6.117,-0.5225,-0.869,0.1577,1.026
6.118,-0.5257,-0.8788,0.1562,1.036
6.121,-0.53,-0.8887,0.1533,1.046
6.123,-0.5342,-0.899,0.1474,1.056
6.125,-0.5399,-0.9108,0.142,1.068
6.128,-0.5446,-0.9206,0.1352,1.078
6.13,-0.5469,-0.929,0.1283,1.0859999999999999
6.133,-0.5472,-0.9358,0.1205,1.091
6.135,-0.5456,-0.9417,0.1132,1.094
6.139,-0.5411,-0.9446,0.1063,1.094
6.14,-0.5347,-0.9445,0.1,1.09
6.144,-0.5293,-0.9419,0.0961,1.085
6.145,-0.522,-0.937,0.0936,1.077
6.148,-0.5113,-0.93,0.0922,1.065
6.15,-0.5027,-0.9186,0.0912,1.051
6.153,-0.4896,-0.9082,0.0932,1.036
6.155,-0.48,-0.8963,0.0971,1.021
6.157,-0.4719,-0.8835,0.1015,1.0070000000000001
6.162,-0.4643,-0.8697,0.1083,0.992
6.162,-0.4587,-0.8545,0.1196,0.977
6.165,-0.4551,-0.8393,0.1289,0.963
6.167,-0.449,-0.8211,0.1392,0.946
6.17,-0.445,-0.802,0.1514,0.93
6.183,-0.4389,-0.7823,0.1617,0.9109999999999999
6.184,-0.4329,-0.7606,0.1724,0.892
6.184,-0.4269,-0.7396,0.1832,0.873
6.184,-0.4223,-0.7204,0.1911,0.857
6.184,-0.4216,-0.7008,0.1994,0.8420000000000001
6.185,-0.4233,-0.6857,0.2083,0.8320000000000001
6.187,-0.425,-0.672,0.2146,0.8240000000000001
6.189,-0.4302,-0.6569,0.2234,0.816
6.192,-0.4372,-0.6481,0.2298,0.815
6.196,-0.4466,-0.6409,0.2346,0.816
6.197,-0.457,-0.6342,0.2385,0.8170000000000001
6.199,-0.4741,-0.6353,0.24,0.828
6.202,-0.4897,-0.6365,0.2405,0.838
6.204,-0.5038,-0.6415,0.2376,0.85
6.207,-0.5223,-0.652,0.236,0.868
6.209,-0.5389,-0.6567,0.2356,0.882
6.211,-0.551,-0.6642,0.2346,0.894
6.215,-0.5651,-0.6741,0.2307,0.909
6.217,-0.5801,-0.6826,0.2291,0.925
6.219,-0.5956,-0.6931,0.2296,0.9420000000000001
6.221,-0.6135,-0.7055,0.2287,0.963
6.224,-0.6315,-0.7185,0.2287,0.983
6.226,-0.6528,-0.7354,0.2315,1.01
6.229,-0.6752,-0.7528,0.233,1.038
6.231,-0.6979,-0.7692,0.2286,1.063
6.234,-0.7153,-0.7861,0.2241,1.0859999999999999
6.236,-0.7365,-0.802,0.2197,1.111
6.239,-0.7539,-0.8164,0.2177,1.1320000000000001
6.242,-0.7703,-0.8313,0.2143,1.153
6.243,-0.7804,-0.8456,0.2104,1.17
6.246,-0.794,-0.8579,0.205,1.187
6.248,-0.8045,-0.8708,0.1995,1.202
6.251,-0.82,-0.8842,0.1951,1.222
6.253,-0.8374,-0.8972,0.1888,1.242
6.256,-0.8537,-0.9126,0.1819,1.263
6.258,-0.8672,-0.9215,0.176,1.278
6.261,-0.8749,-0.9284,0.1712,1.287
6.264,-0.8802,-0.9339,0.1668,1.294
6.265,-0.8802,-0.9334,0.1609,1.2930000000000001
6.268,-0.8801,-0.9319,0.1535,1.291
6.27,-0.8781,-0.9294,0.1442,1.287
6.275,-0.8731,-0.9244,0.135,1.2790000000000001
6.276,-0.8653,-0.917,0.1257,1.2670000000000001
6.278,-0.8594,-0.9125,0.1154,1.2590000000000001
6.28,-0.8526,-0.9051,0.1022,1.248
6.283,-0.8457,-0.8976,0.0949,1.237
6.285,-0.8374,-0.8877,0.0861,1.2229999999999999
6.288,-0.8272,-0.8777,0.0753,1.208
6.29,-0.8209,-0.8654,0.0656,1.195
6.293,-0.8136,-0.8535,0.0563,1.181
6.295,-0.8048,-0.8417,0.046,1.165
6.297,-0.7951,-0.8274,0.0348,1.148
6.3,-0.7864,-0.814,0.025,1.1320000000000001
6.303,-0.7791,-0.7963,0.0138,1.114
6.305,-0.7738,-0.7796,0.0031,1.0979999999999999
6.307,-0.7705,-0.7652,-0.0087,1.0859999999999999
6.31,-0.7695,-0.752,-0.0189,1.0759999999999998
6.312,-0.7725,-0.7383,-0.0287,1.069
6.314,-0.7784,-0.7271,-0.04,1.0659999999999998
6.318,-0.7873,-0.7178,-0.0502,1.067
6.319,-0.796,-0.7111,-0.0595,1.069
6.322,-0.8044,-0.7039,-0.0659,1.071
6.324,-0.8133,-0.6922,-0.0732,1.07
6.327,-0.8207,-0.681,-0.0771,1.069
6.329,-0.8305,-0.6684,-0.082,1.069
6.332,-0.8424,-0.6547,-0.0864,1.07
6.334,-0.8553,-0.6397,-0.0899,1.072
6.336,-0.8685,-0.6301,-0.0947,1.077
6.34,-0.8817,-0.6209,-0.0986,1.083
6.342,-0.896,-0.6108,-0.103,1.089
6.344,-0.9104,-0.6002,-0.1045,1.095
6.346,-0.9242,-0.59,-0.1045,1.101
6.349,-0.9369,-0.5814,-0.1094,1.1079999999999999
6.352,-0.9492,-0.5756,-0.1128,1.1159999999999999
6.354,-0.9576,-0.5659,-0.1148,1.1179999999999999
6.356,-0.9649,-0.5591,-0.1172,1.121
6.359,-0.9718,-0.5519,-0.1187,1.124
6.361,-0.9773,-0.5431,-0.1192,1.124
6.364,-0.9837,-0.5392,-0.1172,1.128
6.366,-0.9887,-0.5334,-0.1162,1.129
6.368,-0.9932,-0.5281,-0.1162,1.131
6.371,-0.9937,-0.5251,-0.1143,1.13
6.375,-0.9958,-0.5207,-0.1099,1.129
6.376,-0.9983,-0.5203,-0.1069,1.131
6.527,-0.9974,-0.5149,-0.1021,1.127
6.528,-0.9965,-0.5115,-0.0982,1.124
6.528,-0.9951,-0.5095,-0.0938,1.122
6.529,-0.9922,-0.5061,-0.0879,1.117
6.529,-0.9913,-0.5071,-0.0816,1.1159999999999999
6.529,-0.987,-0.5046,-0.0786,1.111
6.529,-0.9836,-0.5035,-0.0727,1.107
6.53,-0.9798,-0.5021,-0.0688,1.103
6.53,-0.9768,-0.501,-0.0683,1.1
6.53,-0.9725,-0.5024,-0.0678,1.097
6.531,-0.9715,-0.5034,-0.0668,1.0959999999999999
6.531,-0.967,-0.5073,-0.0683,1.094
6.531,-0.965,-0.5107,-0.0688,1.094
6.531,-0.9606,-0.5097,-0.0668,1.09
6.531,-0.9582,-0.5087,-0.0664,1.087
6.532,-0.9563,-0.5077,-0.0664,1.085
6.532,-0.9533,-0.5062,-0.0654,1.081
6.532,-0.9538,-0.5062,-0.0644,1.082
6.533,-0.9543,-0.5062,-0.0654,1.082
6.533,-0.9553,-0.5081,-0.0654,1.084
6.533,-0.9552,-0.5116,-0.0659,1.0859999999999999
6.533,-0.9586,-0.517,-0.0659,1.091
6.534,-0.9615,-0.5214,-0.0634,1.0959999999999999
6.534,-0.9684,-0.5245,-0.0595,1.103
6.534,-0.9718,-0.5289,-0.0537,1.1079999999999999
6.534,-0.9757,-0.5334,-0.0463,1.113
6.534,-0.9822,-0.5359,-0.0361,1.119
6.535,-0.9915,-0.5375,-0.0262,1.128
6.535,-0.9989,-0.5411,-0.014,1.136
6.535,-1.0088,-0.5417,-0.0043,1.145
6.535,-1.0163,-0.5403,0.0065,1.151
6.535,-1.0232,-0.5409,0.0177,1.158
6.536,-1.0273,-0.542,0.0309,1.162
6.536,-1.0303,-0.543,0.0441,1.165
6.536,-1.0378,-0.5431,0.0588,1.173
6.537,-1.0408,-0.5442,0.0715,1.177
6.537,-1.0492,-0.5463,0.0842,1.186
6.537,-1.0561,-0.5493,0.0969,1.194
6.537,-1.0616,-0.5518,0.1082,1.2009999999999998
6.537,-1.0685,-0.5514,0.1194,1.208
6.538,-1.0735,-0.5515,0.1277,1.214
6.538,-1.079,-0.5511,0.137,1.219
6.538,-1.0878,-0.5502,0.1419,1.227
6.538,-1.0938,-0.5483,0.1487,1.2329999999999999
6.538,-1.0978,-0.5469,0.1541,1.236
6.539,-1.1003,-0.5435,0.159,1.237
6.539,-1.1052,-0.5401,0.1604,1.2409999999999999
6.539,-1.1063,-0.5367,0.1638,1.24
6.539,-1.1083,-0.5318,0.1648,1.24
6.539,-1.1085,-0.522,0.1683,1.237
6.539,-1.1114,-0.5147,0.1683,1.236
6.54,-1.1106,-0.5049,0.1688,1.232
6.54,-1.1116,-0.4991,0.1668,1.23
6.54,-1.1146,-0.4908,0.161,1.228
6.54,-1.1175,-0.4878,0.1541,1.229
6.54,-1.1204,-0.4869,0.1428,1.23
6.541,-1.1222,-0.4864,0.1336,1.23
6.541,-1.127,-0.4864,0.1214,1.2329999999999999
6.541,-1.1318,-0.485,0.1111,1.236
6.541,-1.1347,-0.485,0.0999,1.238
6.541,-1.1395,-0.4831,0.0891,1.2409999999999999
6.542,-1.1457,-0.4831,0.0817,1.246
6.542,-1.1535,-0.4827,0.0739,1.253
6.542,-1.1622,-0.4867,0.067,1.262
6.542,-1.1728,-0.4927,0.0582,1.273
6.542,-1.1855,-0.4968,0.0602,1.287
6.543,-1.1938,-0.4983,0.0621,1.295
6.545,-1.2065,-0.5024,0.0655,1.3090000000000002
6.545,-1.2187,-0.506,0.0728,1.3219999999999998
6.548,-1.234,-0.5067,0.0801,1.3359999999999999
6.551,-1.2531,-0.5099,0.088,1.3559999999999999
6.557,-1.2692,-0.5135,0.0968,1.3730000000000002
6.557,-1.2855,-0.5162,0.1071,1.389
6.558,-1.3016,-0.5232,0.1154,1.4080000000000001
6.56,-1.3143,-0.5243,0.1198,1.42
6.562,-1.3251,-0.5269,0.1251,1.431
6.567,-1.3364,-0.527,0.129,1.442
6.568,-1.3466,-0.5281,0.1315,1.452
6.573,-1.3568,-0.5326,0.132,1.464
6.573,-1.3637,-0.5323,0.131,1.47
6.575,-1.3745,-0.5324,0.128,1.48
6.577,-1.3852,-0.532,0.1275,1.489
6.58,-1.3974,-0.5307,0.1236,1.5
6.582,-1.4071,-0.5308,0.1173,1.508
6.584,-1.4193,-0.5319,0.1099,1.52
6.587,-1.4333,-0.534,0.1011,1.5330000000000001
6.589,-1.4483,-0.5371,0.0899,1.547
6.592,-1.4676,-0.5521,0.0766,1.57
6.594,-1.4879,-0.565,0.0624,1.5930000000000002
6.597,-1.5086,-0.5833,0.0497,1.618
6.599,-1.5327,-0.5992,0.0369,1.646
6.602,-1.5572,-0.6225,0.0208,1.6769999999999998
6.604,-1.5837,-0.6487,0.0105,1.7109999999999999
6.607,-1.6117,-0.6765,0.0007,1.7480000000000002
6.609,-1.642,-0.7067,-0.0101,1.788
6.612,-1.6703,-0.7409,-0.0199,1.827
6.614,-1.6939,-0.772,-0.0273,1.8619999999999999
6.616,-1.7195,-0.8031,-0.0293,1.8980000000000001
6.619,-1.7446,-0.8284,-0.0288,1.931
6.621,-1.762,-0.8472,-0.0259,1.955
6.624,-1.7751,-0.8571,-0.0195,1.9709999999999999
6.626,-1.7839,-0.8602,-0.0137,1.9809999999999999
6.629,-1.785,-0.8588,-0.0098,1.9809999999999999
6.634,-1.7836,-0.8519,-0.0029,1.9769999999999999
6.634,-1.778,-0.8391,0.0039,1.966
6.636,-1.7656,-0.8165,0.0074,1.945
6.638,-1.7479,-0.7883,0.0074,1.9169999999999998
6.641,-1.7253,-0.7513,0.004,1.882
6.643,-1.7021,-0.7104,-0.0028,1.844
6.646,-1.6756,-0.6675,-0.0131,1.804
6.648,-1.6462,-0.6235,-0.0272,1.761
6.651,-1.6138,-0.578,-0.0448,1.715
6.655,-1.5784,-0.5354,-0.0613,1.6680000000000001
6.656,-1.5436,-0.4963,-0.0765,1.6230000000000002
6.658,-1.5179,-0.4607,-0.0941,1.589
6.661,-1.4883,-0.4275,-0.1077,1.5519999999999998
6.664,-1.4646,-0.4032,-0.1135,1.5230000000000001
6.666,-1.4481,-0.3864,-0.1184,1.5030000000000001
6.668,-1.4336,-0.3759,-0.1189,1.4869999999999999
6.67,-1.4146,-0.3678,-0.1203,1.4669999999999999
6.673,-1.3922,-0.3622,-0.1179,1.443
6.676,-1.3718,-0.3576,-0.1115,1.422
6.678,-1.3541,-0.3584,-0.109,1.405
6.68,-1.3424,-0.3641,-0.108,1.395
6.683,-1.3422,-0.3769,-0.1046,1.3980000000000001
6.685,-1.3474,-0.3955,-0.0993,1.4080000000000001
6.688,-1.3574,-0.4211,-0.0925,1.4240000000000002
6.69,-1.3714,-0.4537,-0.0817,1.4469999999999998
6.693,-1.3809,-0.4886,-0.0685,1.466
6.695,-1.3899,-0.5284,-0.0495,1.4880000000000002
6.697,-1.4019,-0.5682,-0.0265,1.5130000000000001
6.7,-1.4157,-0.6155,-0.0065,1.544
6.703,-1.4271,-0.6617,0.015,1.5730000000000002
6.705,-1.4399,-0.7128,0.0369,1.607
6.707,-1.4547,-0.7634,0.056,1.6440000000000001
6.71,-1.4626,-0.8131,0.073,1.675
6.712,-1.4661,-0.8577,0.0882,1.7009999999999998
6.714,-1.4657,-0.8979,0.097,1.722
6.717,-1.46,-0.9317,0.1038,1.735
6.719,-1.4489,-0.9638,0.1087,1.744
6.722,-1.4364,-0.9926,0.1112,1.75
6.724,-1.4215,-1.016,0.1136,1.751
6.727,-1.4042,-1.0368,0.1141,1.749
6.729,-1.382,-1.0572,0.1136,1.744
6.732,-1.3593,-1.075,0.1131,1.7369999999999999
6.734,-1.3341,-1.086,0.1136,1.724
6.737,-1.3106,-1.094,0.1116,1.7109999999999999
6.739,-1.2827,-1.102,0.1146,1.695
6.741,-1.2582,-1.1042,0.119,1.6780000000000002
6.744,-1.2357,-1.1034,0.1239,1.661
6.747,-1.2162,-1.1008,0.1254,1.645
6.749,-1.1948,-1.0947,0.1254,1.625
6.751,-1.1749,-1.0851,0.1254,1.604
6.754,-1.156,-1.0712,0.125,1.581
6.758,-1.1365,-1.0578,0.1196,1.557
6.759,-1.117,-1.0428,0.1118,1.5319999999999998
6.761,-1.0981,-1.027,0.1055,1.507
6.764,-1.0825,-1.0169,0.1016,1.489
6.767,-1.0695,-1.0041,0.105,1.4709999999999999
6.768,-1.0536,-0.9897,0.1075,1.449
6.771,-1.042,-0.9728,0.1011,1.429
6.773,-1.0318,-0.9546,0.0948,1.409
6.776,-1.0217,-0.9403,0.0914,1.392
6.778,-1.0141,-0.925,0.0933,1.376
6.781,-1.0079,-0.9107,0.1002,1.3619999999999999
6.784,-1.0052,-0.8999,0.1027,1.3530000000000002
6.786,-1.0015,-0.8847,0.1095,1.341
6.788,-1.0002,-0.8739,0.1154,1.3330000000000002
6.791,-0.9969,-0.8636,0.1212,1.325
6.793,-0.9937,-0.8528,0.1257,1.315
6.795,-0.9889,-0.8435,0.1276,1.306
6.798,-0.9842,-0.8331,0.1286,1.296
6.8,-0.9799,-0.8233,0.1281,1.286
6.803,-0.9712,-0.8114,0.1286,1.272
6.805,-0.9649,-0.802,0.1262,1.261
6.808,-0.9596,-0.7946,0.1218,1.252
6.811,-0.9499,-0.7847,0.1184,1.238
6.813,-0.9441,-0.7768,0.112,1.228
6.815,-0.9416,-0.7728,0.1047,1.2229999999999999
6.817,-0.9348,-0.7663,0.0998,1.213
6.82,-0.926,-0.7613,0.0895,1.202
6.824,-0.9171,-0.7543,0.0792,1.19
6.825,-0.9074,-0.7479,0.0709,1.178
6.827,-0.8985,-0.7463,0.0612,1.17
6.83,-0.8892,-0.7383,0.0553,1.157
6.834,-0.8794,-0.7328,0.049,1.146
6.835,-0.8682,-0.7288,0.0417,1.1340000000000001
6.837,-0.8579,-0.7247,0.0344,1.124
6.84,-0.3879,-0.6786,0.3291,0.848
6.842,-0.4197,-0.8617,0.3402,1.0170000000000001
6.845,-0.8786,-0.7806,-0.087,1.178
6.847,-1.0091,-0.7572,-0.0612,1.263
6.849,-0.8643,-0.7916,-0.1319,1.179
6.852,-0.8291,-0.7456,-0.1447,1.124
6.854,-0.7982,-0.6975,-0.0057,1.06
6.857,-0.7822,-0.6691,0.0863,1.033
6.861,-0.7699,-0.6522,0.1,1.014
6.862,-0.7477,-0.6309,0.0535,0.98
6.864,-0.7124,-0.6166,-0.0266,0.943
6.867,-0.7239,-0.6417,-0.0168,0.968
6.869,-0.7625,-0.679,0.032,1.022
6.872,-0.7546,-0.6917,0.0364,1.024
6.874,-0.7425,-0.6896,0.0418,1.014
6.876,-0.7305,-0.6777,0.0505,0.998
6.879,-0.7149,-0.6643,0.0443,0.977
6.881,-0.7033,-0.6523,0.0374,0.96
6.884,-0.6945,-0.6503,0.0369,0.9520000000000001
6.886,-0.6901,-0.6537,0.0379,0.951
6.892,-0.6856,-0.6591,0.0384,0.9520000000000001
6.892,-0.6851,-0.6659,0.0408,0.956
6.894,-0.6811,-0.6713,0.0433,0.9570000000000001
6.896,-0.6762,-0.6776,0.0477,0.958
6.899,-0.6713,-0.6815,0.0506,0.958
6.901,-0.662,-0.6833,0.0535,0.953
6.904,-0.6536,-0.6842,0.054,0.948
6.906,-0.6473,-0.6831,0.053,0.943
6.908,-0.6404,-0.6831,0.0526,0.938
6.911,-0.6356,-0.6815,0.0526,0.9329999999999999
6.913,-0.6302,-0.681,0.0516,0.929
6.916,-0.6297,-0.681,0.0482,0.929
6.918,-0.6267,-0.6804,0.0457,0.9259999999999999
6.921,-0.6218,-0.6769,0.0408,0.92
6.923,-0.6213,-0.6735,0.0369,0.917
6.926,-0.6199,-0.671,0.0301,0.914
6.928,-0.6179,-0.669,0.0228,0.9109999999999999
6.93,-0.6164,-0.6646,0.0169,0.907
6.933,-0.6158,-0.6626,0.0106,0.905
6.935,-0.6177,-0.6631,0.0032,0.9059999999999999
6.938,-0.6187,-0.6621,-0.0007,0.9059999999999999
6.94,-0.6215,-0.6612,-0.0085,0.907
6.944,-0.6254,-0.6592,-0.0148,0.909
6.946,-0.6283,-0.6558,-0.0217,0.9079999999999999
6.948,-0.6307,-0.6554,-0.0271,0.91
6.95,-0.6337,-0.6514,-0.0335,0.909
6.953,-0.6341,-0.649,-0.0369,0.9079999999999999
6.955,-0.6366,-0.6461,-0.0399,0.9079999999999999
6.958,-0.637,-0.6417,-0.0457,0.905
6.96,-0.639,-0.6368,-0.0496,0.904
6.962,-0.6414,-0.6358,-0.054,0.905
6.965,-0.6419,-0.6334,-0.0584,0.904
6.968,-0.6448,-0.6324,-0.0623,0.905
6.97,-0.6492,-0.631,-0.0657,0.9079999999999999
6.972,-0.6512,-0.6281,-0.0687,0.907
6.975,-0.6536,-0.6257,-0.0696,0.907
6.977,-0.658,-0.6257,-0.0726,0.9109999999999999
6.98,-0.6595,-0.6243,-0.0726,0.9109999999999999
6.982,-0.6639,-0.6252,-0.0731,0.915
6.984,-0.6649,-0.6248,-0.074,0.915
6.987,-0.6687,-0.6248,-0.0755,0.9179999999999999
6.99,-0.6687,-0.6287,-0.076,0.9209999999999999
6.992,-0.6706,-0.6322,-0.076,0.925
6.994,-0.6731,-0.6327,-0.074,0.927
6.997,-0.6731,-0.6362,-0.0726,0.929
6.999,-0.6755,-0.6391,-0.0716,0.9329999999999999
7.002,-0.6774,-0.6436,-0.0677,0.937
7.004,-0.6774,-0.6445,-0.0662,0.937
7.007,-0.6814,-0.6485,-0.0594,0.943
7.009,-0.6833,-0.6525,-0.057,0.946
7.012,-0.6843,-0.6579,-0.0526,0.951
7.014,-0.6877,-0.6619,-0.0482,0.956
7.016,-0.6901,-0.6683,-0.0443,0.9620000000000001
7.019,-0.692,-0.6762,-0.0429,0.968
7.021,-0.6953,-0.685,-0.0389,0.977
7.026,-0.6982,-0.6948,-0.0355,0.986
7.027,-0.7015,-0.7056,-0.0311,0.995
7.029,-0.7044,-0.7169,-0.0281,1.005
7.031,-0.7057,-0.7287,-0.0242,1.015
7.033,-0.7076,-0.7395,-0.0218,1.024
7.036,-0.7075,-0.7533,-0.0184,1.034
7.039,-0.7092,-0.767,-0.0159,1.045
7.041,-0.7072,-0.7793,-0.0135,1.052
7.043,-0.708,-0.793,-0.0115,1.063
7.047,-0.7083,-0.8076,-0.0115,1.074
7.048,-0.7102,-0.8199,-0.0076,1.085
7.051,-0.7139,-0.8337,-0.0057,1.0979999999999999
7.053,-0.7193,-0.848,0.0001,1.112
7.056,-0.7181,-0.8631,0.004,1.123
7.058,-0.7131,-0.8729,0.0094,1.127
7.061,-0.7068,-0.8811,0.0158,1.13
7.064,-0.698,-0.8885,0.0251,1.13
7.067,-0.6882,-0.8913,0.0339,1.127
7.069,-0.6815,-0.8922,0.0417,1.123
7.07,-0.6679,-0.8911,0.0529,1.115
7.073,-0.6548,-0.89,0.0632,1.107
7.075,-0.6427,-0.8864,0.0754,1.0979999999999999
7.078,-0.6287,-0.8808,0.0882,1.0859999999999999
7.08,-0.6119,-0.8719,0.101,1.07
7.083,-0.5969,-0.8614,0.1132,1.054
7.085,-0.583,-0.851,0.124,1.0390000000000001
7.087,-0.5681,-0.8401,0.1342,1.023
7.091,-0.556,-0.8311,0.1425,1.01
7.093,-0.5493,-0.8227,0.1533,1.001
7.095,-0.5441,-0.8183,0.1602,0.996
7.097,-0.5378,-0.8148,0.1646,0.99
7.1,-0.5325,-0.8123,0.1714,0.986
7.103,-0.5326,-0.8089,0.1778,0.985
7.105,-0.5346,-0.8104,0.1826,0.988
7.107,-0.5424,-0.8144,0.1861,0.996
7.11,-0.5516,-0.8219,0.1875,1.0070000000000001
7.113,-0.5648,-0.8289,0.189,1.021
7.277,-0.5789,-0.8403,0.19,1.038
7.277,-0.5929,-0.8527,0.1889,1.056
7.277,-0.6059,-0.8646,0.1836,1.072
7.278,-0.6199,-0.8784,0.1796,1.09
7.278,-0.6314,-0.8899,0.1732,1.105
7.278,-0.6376,-0.9032,0.1684,1.1179999999999999
7.279,-0.6403,-0.914,0.161,1.127
7.279,-0.6406,-0.9233,0.1552,1.1340000000000001
7.279,-0.6356,-0.9276,0.1474,1.1340000000000001
7.28,-0.6296,-0.927,0.1381,1.129
7.28,-0.6243,-0.925,0.1361,1.124
7.28,-0.6155,-0.9205,0.1342,1.115
7.28,-0.6039,-0.9149,0.1351,1.105
7.281,-0.5903,-0.9074,0.1371,1.091
7.281,-0.5787,-0.899,0.1381,1.078
7.281,-0.5637,-0.8886,0.1386,1.061
7.282,-0.5525,-0.8795,0.1406,1.048
7.282,-0.5433,-0.8701,0.1435,1.036
7.282,-0.5293,-0.8597,0.1484,1.02
7.283,-0.5182,-0.8459,0.1533,1.004
7.283,-0.5044,-0.8286,0.1607,0.983
7.284,-0.4885,-0.8113,0.1695,0.9620000000000001
7.284,-0.4742,-0.793,0.1783,0.941
7.284,-0.4603,-0.7718,0.189,0.9179999999999999
7.284,-0.4465,-0.7501,0.1994,0.895
7.284,-0.4307,-0.7259,0.2107,0.87
7.285,-0.416,-0.6984,0.2229,0.843
7.285,-0.4028,-0.6713,0.2342,0.8170000000000001
7.285,-0.3944,-0.6428,0.2459,0.7929999999999999
7.285,-0.3894,-0.6158,0.2591,0.773
7.285,-0.383,-0.5937,0.2738,0.758
7.286,-0.3824,-0.5707,0.2885,0.745
7.286,-0.3847,-0.5511,0.3022,0.737
7.286,-0.3899,-0.537,0.31,0.732
7.286,-0.4003,-0.5268,0.3174,0.7340000000000001
7.287,-0.4146,-0.5211,0.3228,0.74
7.287,-0.4361,-0.5214,0.3261,0.754
7.287,-0.4606,-0.5275,0.3276,0.773
7.287,-0.485,-0.5332,0.3271,0.792
7.287,-0.5083,-0.5414,0.3252,0.8109999999999999
7.288,-0.5341,-0.551,0.3202,0.831
7.288,-0.5637,-0.5626,0.3114,0.855
7.288,-0.5967,-0.5771,0.303,0.884
7.288,-0.6326,-0.5922,0.2907,0.914
7.288,-0.6664,-0.6107,0.278,0.946
7.289,-0.7004,-0.6267,0.2633,0.976
7.289,-0.7323,-0.6423,0.2472,1.005
7.289,-0.7608,-0.6597,0.2325,1.033
7.289,-0.7898,-0.6772,0.2134,1.062
7.289,-0.8148,-0.6975,0.1987,1.091
7.29,-0.835,-0.7149,0.1806,1.114
7.29,-0.8527,-0.7341,0.1629,1.137
7.29,-0.8675,-0.7524,0.1458,1.158
7.29,-0.8822,-0.7727,0.1272,1.18
7.29,-0.8984,-0.7905,0.1121,1.202
7.291,-0.9148,-0.8097,0.0964,1.225
7.291,-0.9271,-0.8255,0.0802,1.244
7.291,-0.9356,-0.8398,0.066,1.2590000000000001
7.291,-0.9402,-0.8545,0.0543,1.272
7.291,-0.9444,-0.8683,0.044,1.284
7.292,-0.9441,-0.8785,0.0322,1.29
7.292,-0.9425,-0.8849,0.019,1.2930000000000001
7.292,-0.9364,-0.8912,0.0059,1.2930000000000001
7.292,-0.9313,-0.8965,-0.0068,1.2930000000000001
7.292,-0.9214,-0.8998,-0.0181,1.288
7.293,-0.912,-0.9011,-0.0273,1.2819999999999998
7.293,-0.9021,-0.9,-0.0377,1.275
7.293,-0.8938,-0.896,-0.0465,1.266
7.293,-0.8815,-0.8929,-0.0552,1.256
7.293,-0.8707,-0.8864,-0.064,1.244
7.294,-0.8566,-0.8769,-0.0714,1.228
7.294,-0.8444,-0.8659,-0.0806,1.212
7.294,-0.8313,-0.855,-0.0884,1.196
7.294,-0.8181,-0.8411,-0.0987,1.178
7.296,-0.8098,-0.8283,-0.109,1.1640000000000001
7.299,-0.8026,-0.8135,-0.1197,1.149
7.301,-0.7963,-0.8007,-0.1295,1.137
7.305,-0.794,-0.7835,-0.1373,1.124
7.306,-0.794,-0.7722,-0.1447,1.117
7.308,-0.798,-0.7614,-0.152,1.113
7.312,-0.8064,-0.7507,-0.1583,1.113
7.314,-0.8177,-0.7396,-0.1637,1.115
7.316,-0.83,-0.729,-0.1671,1.117
7.318,-0.8418,-0.7218,-0.1725,1.122
7.321,-0.8501,-0.713,-0.1798,1.124
7.324,-0.8615,-0.7014,-0.1823,1.126
7.325,-0.8723,-0.6932,-0.1832,1.129
7.329,-0.8841,-0.684,-0.1853,1.133
7.33,-0.896,-0.6743,-0.1848,1.136
7.333,-0.9064,-0.6671,-0.1833,1.14
7.335,-0.9182,-0.6619,-0.1809,1.146
7.339,-0.9334,-0.6547,-0.177,1.1540000000000001
7.34,-0.9483,-0.645,-0.1691,1.159
7.345,-0.9602,-0.6403,-0.1604,1.165
7.345,-0.9712,-0.6312,-0.1496,1.168
7.348,-0.9777,-0.6205,-0.1402,1.166
7.35,-0.9838,-0.6088,-0.13,1.1640000000000001
7.353,-0.9899,-0.5961,-0.1226,1.162
7.355,-0.993,-0.5879,-0.1173,1.16
7.357,-0.997,-0.5796,-0.1129,1.159
7.36,-1.0039,-0.5723,-0.1099,1.161
7.362,-1.006,-0.568,-0.108,1.16
7.365,-1.01,-0.5651,-0.1051,1.162
7.367,-1.0115,-0.5612,-0.0982,1.161
7.37,-1.0132,-0.5568,-0.0894,1.16
7.372,-1.0148,-0.5519,-0.0801,1.158
7.376,-1.0174,-0.5476,-0.0698,1.158
7.377,-1.02,-0.5417,-0.0601,1.157
7.38,-1.0206,-0.5383,-0.0513,1.155
7.382,-1.0202,-0.5324,-0.0449,1.1520000000000001
7.384,-1.0149,-0.5255,-0.04,1.1440000000000001
7.387,-1.0092,-0.5186,-0.0366,1.135
7.389,-1.0049,-0.5132,-0.0356,1.129
7.392,-0.9966,-0.5072,-0.0371,1.119
7.394,-0.9913,-0.5042,-0.0395,1.113
7.397,-0.9873,-0.5041,-0.0439,1.109
7.399,-0.9824,-0.5036,-0.0458,1.105
7.402,-0.9779,-0.505,-0.0493,1.102
7.404,-0.976,-0.506,-0.0483,1.1
7.406,-0.9716,-0.5059,-0.0488,1.097
7.412,-0.9696,-0.5054,-0.0493,1.095
7.413,-0.9667,-0.5039,-0.0502,1.091
7.415,-0.9628,-0.5009,-0.0527,1.087
7.416,-0.9604,-0.4989,-0.0585,1.084
7.419,-0.9574,-0.4989,-0.0624,1.081
7.421,-0.9554,-0.4969,-0.0693,1.079
7.424,-0.9538,-0.4963,-0.0761,1.078
7.426,-0.9518,-0.4968,-0.083,1.077
7.428,-0.9503,-0.4953,-0.0893,1.075
7.432,-0.9513,-0.4948,-0.0937,1.0759999999999998
7.434,-0.9536,-0.4949,-0.0966,1.079
7.436,-0.9566,-0.4958,-0.0996,1.082
7.438,-0.9605,-0.4959,-0.1011,1.0859999999999999
7.441,-0.9643,-0.4969,-0.1021,1.09
7.444,-0.9682,-0.498,-0.1011,1.093
7.446,-0.9731,-0.5015,-0.0986,1.099
7.448,-0.9776,-0.5005,-0.0962,1.102
7.451,-0.9839,-0.5006,-0.0933,1.1079999999999999
7.454,-0.9898,-0.5036,-0.0859,1.114
7.455,-0.9992,-0.5066,-0.0767,1.123
7.458,-1.009,-0.5077,-0.0693,1.1320000000000001
7.46,-1.0169,-0.5098,-0.0581,1.139
7.464,-1.0259,-0.5099,-0.0464,1.147
7.466,-1.0372,-0.5111,-0.0347,1.157
7.468,-1.05,-0.5123,-0.0248,1.169
7.47,-1.0613,-0.5134,-0.015,1.179
7.473,-1.0756,-0.514,-0.0057,1.192
7.475,-1.0898,-0.5162,0.002,1.206
7.479,-1.1069,-0.5203,0.0103,1.2229999999999999
7.48,-1.1241,-0.5244,0.0191,1.2409999999999999
7.483,-1.1413,-0.529,0.0264,1.258
7.485,-1.1614,-0.5327,0.0347,1.278
7.488,-1.182,-0.533,0.046,1.297
7.49,-1.1992,-0.5317,0.0572,1.3130000000000002
7.492,-1.214,-0.5285,0.067,1.3259999999999998
7.495,-1.2239,-0.5237,0.0777,1.334
7.497,-1.2354,-0.519,0.0895,1.3430000000000002
7.5,-1.2429,-0.5122,0.0993,1.348
7.503,-1.247,-0.5054,0.1051,1.35
7.505,-1.2529,-0.5006,0.1105,1.354
7.507,-1.2555,-0.4957,0.1154,1.355
7.51,-1.26,-0.4914,0.1184,1.358
7.512,-1.2625,-0.486,0.1193,1.358
7.515,-1.2635,-0.4861,0.1228,1.359
7.517,-1.2655,-0.4797,0.1242,1.359
7.52,-1.2651,-0.4768,0.1306,1.358
7.522,-1.2657,-0.4734,0.1335,1.358
7.524,-1.2648,-0.4709,0.1355,1.3559999999999999
7.527,-1.2634,-0.467,0.1394,1.354
7.529,-1.2615,-0.4635,0.1398,1.351
7.532,-1.2586,-0.4601,0.1413,1.347
7.534,-1.2547,-0.4576,0.1428,1.3430000000000002
7.537,-1.2523,-0.4561,0.1408,1.34
7.539,-1.2523,-0.4546,0.1403,1.34
7.542,-1.2528,-0.4527,0.1413,1.34
7.546,-1.2533,-0.4517,0.1438,1.34
7.547,-1.2543,-0.4498,0.1467,1.341
7.549,-1.2617,-0.4513,0.1506,1.348
7.551,-1.2666,-0.4514,0.155,1.354
7.554,-1.2716,-0.4524,0.1613,1.359
7.556,-1.278,-0.453,0.1692,1.3659999999999999
7.559,-1.2844,-0.453,0.1756,1.3730000000000002
7.561,-1.2928,-0.4537,0.1829,1.382
7.563,-1.3011,-0.4552,0.1897,1.391
7.567,-1.3085,-0.4568,0.1951,1.4
7.568,-1.3164,-0.4545,0.1995,1.4069999999999998
7.571,-1.3237,-0.4536,0.202,1.4140000000000001
7.573,-1.3292,-0.4512,0.2054,1.419
7.576,-1.3355,-0.4498,0.2034,1.4240000000000002
7.578,-1.3424,-0.4455,0.2034,1.429
7.581,-1.3493,-0.446,0.2005,1.435
7.585,-1.359,-0.4457,0.196,1.444
7.586,-1.3693,-0.4423,0.1897,1.4509999999999998
7.589,-1.3824,-0.443,0.1823,1.463
7.591,-1.3945,-0.4411,0.171,1.473
7.593,-1.4071,-0.4447,0.1613,1.484
7.595,-1.4231,-0.4498,0.15,1.5
7.598,-1.438,-0.4577,0.1387,1.515
7.601,-1.4539,-0.4682,0.1256,1.5330000000000001
7.604,-1.4727,-0.4806,0.1129,1.5530000000000002
7.78,-1.4949,-0.498,0.1011,1.579
7.78,-1.5176,-0.5183,0.0903,1.6059999999999999
7.781,-1.5381,-0.5436,0.079,1.633
7.781,-1.5544,-0.5692,0.0696,1.6569999999999998
7.781,-1.5736,-0.5929,0.0613,1.683
7.782,-1.5958,-0.6176,0.0589,1.712
7.782,-1.6161,-0.6433,0.0598,1.74
7.783,-1.6314,-0.6666,0.0584,1.7630000000000001
7.783,-1.6482,-0.6854,0.0515,1.786
7.783,-1.6656,-0.7037,0.0495,1.8090000000000002
7.783,-1.68,-0.721,0.05,1.829
7.784,-1.6908,-0.7285,0.0559,1.8419999999999999
7.784,-1.6923,-0.7324,0.0593,1.845
7.784,-1.6913,-0.7299,0.0622,1.8430000000000002
7.784,-1.687,-0.7196,0.0607,1.835
7.785,-1.6744,-0.7062,0.0588,1.818
7.785,-1.6604,-0.6865,0.0534,1.798
7.785,-1.6431,-0.6662,0.0471,1.774
7.785,-1.6241,-0.6414,0.0359,1.7469999999999999
7.786,-1.6037,-0.6162,0.0178,1.7180000000000002
7.786,-1.5718,-0.5967,-0.0183,1.681
7.786,-1.5439,-0.5767,-0.0516,1.649
7.786,-1.5223,-0.5471,-0.0467,1.618
7.786,-1.4966,-0.5183,-0.0593,1.585
7.787,-1.4781,-0.4926,-0.0745,1.56
7.787,-1.4665,-0.4729,-0.0847,1.5430000000000001
7.787,-1.4593,-0.4541,-0.0916,1.531
7.787,-1.4501,-0.4399,-0.0984,1.5190000000000001
7.788,-1.4486,-0.4339,-0.1052,1.516
7.788,-1.4417,-0.4329,-0.1116,1.5090000000000001
7.788,-1.4325,-0.4372,-0.1077,1.5019999999999998
7.788,-1.4212,-0.4405,-0.1052,1.492
7.789,-1.4104,-0.4457,-0.1052,1.483
7.789,-1.4015,-0.4515,-0.1033,1.476
7.789,-1.3947,-0.4549,-0.1023,1.4709999999999999
7.79,-1.3897,-0.4612,-0.1072,1.4680000000000002
7.79,-1.3886,-0.4704,-0.1082,1.47
7.79,-1.39,-0.4778,-0.1043,1.474
7.79,-1.3958,-0.4897,-0.0955,1.482
7.791,-1.4007,-0.504,-0.0789,1.4909999999999999
7.791,-1.4069,-0.5246,-0.0608,1.5030000000000001
7.791,-1.4133,-0.5488,-0.0364,1.517
7.791,-1.4162,-0.5714,-0.0118,1.527
7.792,-1.4185,-0.5964,0.0111,1.5390000000000001
7.792,-1.4195,-0.6224,0.0331,1.55
7.792,-1.4174,-0.6459,0.0541,1.5590000000000002
7.792,-1.4124,-0.6699,0.0726,1.565
7.793,-1.4011,-0.689,0.0908,1.564
7.793,-1.3883,-0.7103,0.1049,1.5630000000000002
7.793,-1.3731,-0.7258,0.1148,1.557
7.793,-1.3559,-0.7394,0.1255,1.5490000000000002
7.793,-1.3377,-0.7524,0.1323,1.54
7.794,-1.3201,-0.762,0.1421,1.531
7.794,-1.298,-0.7731,0.1475,1.518
7.794,-1.2785,-0.7817,0.1539,1.506
7.794,-1.2559,-0.7898,0.1534,1.4909999999999999
7.795,-1.2333,-0.7959,0.1549,1.476
7.795,-1.2108,-0.7995,0.1554,1.459
7.795,-1.1863,-0.8007,0.1579,1.44
7.795,-1.1649,-0.8015,0.1622,1.423
7.795,-1.1409,-0.8046,0.1705,1.4069999999999998
7.796,-1.1179,-0.8048,0.171,1.3880000000000001
7.796,-1.0984,-0.8027,0.174,1.3719999999999999
7.796,-1.0809,-0.801,0.1765,1.357
7.796,-1.0633,-0.7964,0.1765,1.34
7.796,-1.0477,-0.7962,0.1784,1.328
7.797,-1.0317,-0.7926,0.1828,1.314
7.797,-1.0176,-0.789,0.1848,1.301
7.797,-1.0038,-0.7874,0.1873,1.2890000000000001
7.797,-0.9927,-0.7853,0.1917,1.28
7.797,-0.982,-0.7818,0.1931,1.27
7.798,-0.9737,-0.7812,0.1936,1.263
7.798,-0.965,-0.7733,0.1975,1.252
7.798,-0.9592,-0.7688,0.2001,1.245
7.798,-0.9519,-0.7647,0.202,1.238
7.798,-0.9447,-0.7627,0.2025,1.2309999999999999
7.798,-0.9374,-0.7611,0.2055,1.225
7.799,-0.931,-0.7591,0.204,1.218
7.799,-0.9213,-0.7536,0.204,1.208
7.801,-0.9121,-0.7476,0.2006,1.196
7.801,-0.9052,-0.7451,0.1971,1.189
7.804,-0.8993,-0.7401,0.1942,1.181
7.807,-0.893,-0.7361,0.1908,1.173
7.809,-0.888,-0.7341,0.1795,1.166
7.811,-0.8811,-0.7296,0.1668,1.156
7.814,-0.8737,-0.7275,0.1536,1.147
7.816,-0.8667,-0.7269,0.1414,1.14
7.819,-0.8573,-0.7258,0.1287,1.131
7.821,-0.8465,-0.7242,0.1195,1.12
7.824,-0.8352,-0.7202,0.1097,1.1079999999999999
7.826,-0.8234,-0.7156,0.0994,1.095
7.829,-0.8131,-0.7116,0.0892,1.084
7.831,-0.8043,-0.7041,0.0803,1.072
7.836,-0.7965,-0.7011,0.072,1.064
7.836,-0.7891,-0.6956,0.0637,1.054
7.838,-0.7822,-0.6901,0.0588,1.045
7.841,-0.7685,-0.685,0.0422,1.03
7.844,-0.6259,-0.6384,-0.1494,0.9059999999999999
7.846,-0.5058,-0.6046,-0.2676,0.8320000000000001
7.848,-0.7183,-0.7417,0.0339,1.033
7.851,-0.8196,-0.823,0.1854,1.176
7.854,-0.7141,-0.7607,0.0247,1.044
7.856,-0.5961,-0.6588,-0.0716,0.8909999999999999
7.858,-0.7626,-0.6919,0.1015,1.035
7.86,-0.8556,-0.7283,0.2055,1.1420000000000001
7.864,-0.8253,-0.6927,0.1684,1.091
7.865,-0.7612,-0.637,0.0936,0.997
7.868,-0.7319,-0.6151,0.0721,0.9590000000000001
7.87,-0.7323,-0.6229,0.0711,0.9640000000000001
7.873,-0.7456,-0.6485,0.0682,0.991
7.875,-0.759,-0.6717,0.0623,1.015
7.878,-0.7681,-0.6879,0.0618,1.033
7.88,-0.772,-0.6939,0.0696,1.04
7.884,-0.7716,-0.6954,0.0813,1.042
7.885,-0.7713,-0.6934,0.0906,1.041
7.888,-0.7678,-0.69,0.0897,1.036
7.89,-0.7654,-0.6874,0.0852,1.032
7.893,-0.7668,-0.687,0.0789,1.033
7.895,-0.7682,-0.6914,0.0735,1.036
7.897,-0.7705,-0.6968,0.0681,1.041
7.9,-0.7714,-0.6993,0.0623,1.043
7.903,-0.7738,-0.7032,0.0584,1.047
7.905,-0.7761,-0.7086,0.0559,1.052
7.907,-0.7775,-0.7125,0.0549,1.056
7.91,-0.777,-0.715,0.0549,1.057
7.912,-0.778,-0.7145,0.0574,1.058
7.915,-0.7766,-0.716,0.0608,1.058
7.917,-0.7761,-0.7179,0.0632,1.0590000000000002
7.919,-0.7732,-0.7189,0.0681,1.058
7.922,-0.7727,-0.7203,0.072,1.0590000000000002
7.924,-0.7693,-0.7218,0.0764,1.058
7.927,-0.7703,-0.7213,0.0779,1.058
7.93,-0.7718,-0.7213,0.0798,1.0590000000000002
7.932,-0.7713,-0.7213,0.0803,1.0590000000000002
7.934,-0.7713,-0.7213,0.0808,1.0590000000000002
7.937,-0.7713,-0.7228,0.0808,1.06
7.939,-0.7718,-0.7233,0.0798,1.061
7.942,-0.7717,-0.7223,0.0779,1.06
7.944,-0.7703,-0.7233,0.075,1.0590000000000002
7.946,-0.7697,-0.7247,0.0735,1.06
7.949,-0.7697,-0.7227,0.0715,1.058
7.955,-0.7688,-0.7222,0.0706,1.057
7.956,-0.7692,-0.7222,0.0701,1.057
7.956,-0.7702,-0.7198,0.0681,1.056
7.959,-0.7702,-0.7203,0.0676,1.057
7.961,-0.7707,-0.7198,0.0686,1.057
7.965,-0.7712,-0.7198,0.0657,1.057
7.966,-0.7717,-0.7189,0.0662,1.057
7.968,-0.7717,-0.7184,0.0662,1.056
7.971,-0.7707,-0.7193,0.0642,1.056
7.973,-0.7702,-0.7188,0.0637,1.055
7.976,-0.7678,-0.7183,0.0623,1.053
7.978,-0.7667,-0.7203,0.0623,1.054
7.981,-0.7628,-0.7202,0.0637,1.051
7.984,-0.7599,-0.7211,0.0637,1.05
7.986,-0.7575,-0.7211,0.0662,1.048
7.988,-0.7526,-0.7221,0.0676,1.045
7.991,-0.7496,-0.725,0.0681,1.045
7.993,-0.7477,-0.7264,0.0686,1.045
7.995,-0.7403,-0.7307,0.072,1.043
7.998,-0.7364,-0.7346,0.0745,1.043
8.0,-0.731,-0.7375,0.0774,1.041
8.003,-0.7242,-0.7409,0.0823,1.0390000000000001
8.005,-0.7183,-0.7418,0.0853,1.036
8.008,-0.7149,-0.7462,0.0917,1.037
8.01,-0.711,-0.749,0.0961,1.037
8.013,-0.7067,-0.75,0.1024,1.036
8.015,-0.6998,-0.7539,0.1073,1.034
8.017,-0.6954,-0.7562,0.1112,1.033
8.02,-0.6891,-0.7601,0.1171,1.033
8.023,-0.6847,-0.7635,0.1215,1.033
8.025,-0.6798,-0.7674,0.1249,1.033
8.027,-0.6769,-0.7723,0.1288,1.035
8.031,-0.6739,-0.7786,0.1337,1.038
8.032,-0.6713,-0.7859,0.1337,1.042
8.035,-0.6683,-0.7923,0.1366,1.045
8.037,-0.6683,-0.8011,0.1405,1.053
8.04,-0.6658,-0.8084,0.1444,1.057
8.042,-0.6643,-0.8177,0.1474,1.064
8.045,-0.6642,-0.8255,0.1503,1.07
8.047,-0.6626,-0.8348,0.1522,1.077
8.049,-0.6625,-0.8422,0.1547,1.083
8.053,-0.662,-0.8485,0.1571,1.088
8.054,-0.661,-0.8578,0.1586,1.094
8.057,-0.6589,-0.8676,0.1586,1.101
8.059,-0.656,-0.8725,0.1615,1.103
8.062,-0.6505,-0.8758,0.1635,1.103
8.065,-0.6436,-0.8802,0.1644,1.103
8.067,-0.6353,-0.883,0.1664,1.1
8.069,-0.6295,-0.8845,0.1679,1.099
8.071,-0.6231,-0.8853,0.1674,1.0959999999999999
8.074,-0.6167,-0.8892,0.1679,1.095
8.077,-0.6083,-0.8916,0.1689,1.092
8.079,-0.5986,-0.8919,0.1699,1.088
8.081,-0.5889,-0.8899,0.1709,1.081
8.084,-0.5792,-0.8849,0.1733,1.072
8.087,-0.5699,-0.8817,0.1738,1.064
8.089,-0.5588,-0.8767,0.1757,1.054
8.091,-0.5466,-0.8708,0.1768,1.043
8.094,-0.5389,-0.8609,0.1778,1.031
8.283,-0.5267,-0.8538,0.1792,1.0190000000000001
8.284,-0.5151,-0.8464,0.1807,1.0070000000000001
8.284,-0.5059,-0.838,0.1821,0.996
8.284,-0.4963,-0.8295,0.1817,0.9840000000000001
8.285,-0.488,-0.8231,0.1832,0.9740000000000001
8.285,-0.4836,-0.8201,0.1822,0.9690000000000001
8.285,-0.4827,-0.8171,0.1817,0.966
8.286,-0.4841,-0.8176,0.1783,0.9670000000000001
8.286,-0.488,-0.8196,0.1743,0.97
8.286,-0.4923,-0.8245,0.169,0.975
8.287,-0.4994,-0.831,0.1607,0.983
8.287,-0.5071,-0.8408,0.1509,0.993
8.287,-0.5166,-0.8522,0.1406,1.006
8.288,-0.5247,-0.865,0.1293,1.02
8.288,-0.5376,-0.8799,0.1186,1.038
8.288,-0.549,-0.8957,0.1088,1.056
8.288,-0.5576,-0.9065,0.0951,1.069
8.289,-0.5662,-0.9174,0.0858,1.081
8.289,-0.57,-0.9248,0.0798,1.089
8.289,-0.5679,-0.9316,0.0769,1.094
8.29,-0.5634,-0.9374,0.0701,1.0959999999999999
8.29,-0.5584,-0.9393,0.0637,1.095
8.29,-0.5505,-0.9363,0.0618,1.088
8.291,-0.5419,-0.9288,0.0613,1.077
8.291,-0.5292,-0.9223,0.0613,1.065
8.291,-0.5167,-0.9099,0.0589,1.048
8.292,-0.5046,-0.8985,0.0594,1.032
8.292,-0.4939,-0.8881,0.0613,1.018
8.292,-0.4809,-0.8747,0.0638,1.0
8.293,-0.4645,-0.8618,0.0707,0.982
8.293,-0.4462,-0.844,0.0775,0.958
8.293,-0.4264,-0.8242,0.0844,0.932
8.293,-0.4034,-0.7984,0.0942,0.899
8.293,-0.3832,-0.7728,0.1046,0.8690000000000001
8.294,-0.3636,-0.746,0.1129,0.838
8.294,-0.3468,-0.7194,0.1232,0.8079999999999999
8.294,-0.336,-0.6929,0.1359,0.782
8.294,-0.3305,-0.6693,0.1462,0.7609999999999999
8.294,-0.3309,-0.6483,0.1579,0.745
8.295,-0.3342,-0.6287,0.1691,0.732
8.295,-0.3369,-0.6072,0.178,0.7170000000000001
8.295,-0.3416,-0.5916,0.1843,0.708
8.295,-0.3487,-0.5775,0.1897,0.701
8.295,-0.3567,-0.5634,0.1912,0.6940000000000001
8.296,-0.3681,-0.5518,0.1946,0.691
8.296,-0.3829,-0.5412,0.1975,0.6920000000000001
8.296,-0.4006,-0.5355,0.1995,0.698
8.296,-0.4192,-0.5288,0.203,0.705
8.297,-0.4407,-0.5276,0.2005,0.716
8.297,-0.4618,-0.5249,0.198,0.727
8.297,-0.4887,-0.5218,0.1921,0.74
8.297,-0.514,-0.5221,0.1862,0.7559999999999999
8.297,-0.5417,-0.5278,0.1789,0.777
8.298,-0.5729,-0.5364,0.1666,0.802
8.298,-0.6079,-0.5442,0.1573,0.831
8.298,-0.6464,-0.5544,0.1549,0.866
8.298,-0.6834,-0.5671,0.1489,0.9
8.298,-0.7109,-0.5767,0.1367,0.9259999999999999
8.299,-0.7352,-0.5862,0.124,0.948
8.299,-0.7653,-0.6003,0.1206,0.98
8.299,-0.795,-0.6139,0.1181,1.011
8.299,-0.8211,-0.6298,0.1102,1.041
8.299,-0.8458,-0.6409,0.0994,1.0659999999999998
8.3,-0.8675,-0.6558,0.0877,1.091
8.3,-0.8853,-0.6688,0.0754,1.112
8.3,-0.9037,-0.6817,0.0622,1.1340000000000001
8.3,-0.9181,-0.6956,0.049,1.153
8.3,-0.9242,-0.7034,0.0343,1.162
8.301,-0.9318,-0.7142,0.0241,1.1740000000000002
8.301,-0.9364,-0.7261,0.0167,1.185
8.301,-0.9436,-0.7408,0.0103,1.2
8.301,-0.9473,-0.7506,0.0049,1.209
8.301,-0.9515,-0.7614,-0.0029,1.219
8.302,-0.9517,-0.7738,-0.0161,1.227
8.302,-0.9505,-0.78,-0.0308,1.23
8.302,-0.9426,-0.775,-0.0445,1.2209999999999999
8.302,-0.9343,-0.7656,-0.0582,1.209
8.303,-0.9246,-0.7478,-0.0694,1.1909999999999998
8.303,-0.91,-0.7319,-0.0845,1.171
8.303,-0.9106,-0.7481,-0.1011,1.183
8.303,-0.9102,-0.7657,-0.1202,1.196
8.303,-0.9085,-0.7824,-0.1281,1.206
8.303,-0.9063,-0.7946,-0.1359,1.213
8.304,-0.9042,-0.8029,-0.1427,1.218
8.304,-0.9036,-0.8082,-0.1481,1.2209999999999999
8.306,-0.9001,-0.8092,-0.1486,1.219
8.307,-0.8973,-0.8018,-0.1427,1.212
8.315,-0.8941,-0.7924,-0.1364,1.202
8.315,-0.8982,-0.7813,-0.132,1.198
8.315,-0.9003,-0.7661,-0.1281,1.189
8.317,-0.9075,-0.7505,-0.1207,1.1840000000000002
8.33,-0.914,-0.7378,-0.1138,1.18
8.33,-0.9226,-0.7257,-0.1075,1.179
8.331,-0.9331,-0.7151,-0.0948,1.179
8.331,-0.9476,-0.706,-0.0675,1.1840000000000002
8.331,-0.9632,-0.7008,-0.0332,1.192
8.332,-0.9758,-0.6878,-0.0043,1.194
8.334,-0.984,-0.6762,0.0231,1.194
8.336,-0.9941,-0.6631,0.0392,1.196
8.339,-1.0085,-0.6564,0.0504,1.204
8.343,-1.0224,-0.6473,0.0665,1.212
8.344,-1.0325,-0.6346,0.0734,1.214
8.346,-1.0409,-0.624,0.0778,1.216
8.349,-1.0528,-0.6119,0.0861,1.2209999999999999
8.351,-1.0673,-0.5999,0.1022,1.229
8.354,-1.0828,-0.5903,0.1238,1.239
8.356,-1.1002,-0.5812,0.1443,1.253
8.359,-1.1152,-0.5716,0.1624,1.264
8.361,-1.1247,-0.5595,0.1824,1.2690000000000001
8.363,-1.1334,-0.5499,0.1995,1.275
8.366,-1.1409,-0.5411,0.2108,1.28
8.368,-1.1461,-0.5323,0.2235,1.2830000000000001
8.371,-1.1467,-0.525,0.2313,1.2819999999999998
8.373,-1.1406,-0.5162,0.2406,1.275
8.379,-1.1297,-0.516,0.2367,1.264
8.379,-1.1139,-0.5285,0.1912,1.248
8.381,-1.1188,-0.5237,0.226,1.256
8.384,-1.1096,-0.5187,0.2373,1.248
8.386,-1.1009,-0.5118,0.2368,1.237
8.388,-1.0946,-0.5088,0.2373,1.23
8.391,-1.0931,-0.5033,0.2324,1.226
8.393,-1.0908,-0.4999,0.2387,1.2229999999999999
8.395,-1.0884,-0.5013,0.2387,1.222
8.398,-1.0815,-0.4988,0.2402,1.215
8.4,-1.0688,-0.4957,0.2319,1.2009999999999998
8.403,-1.0545,-0.4975,0.2187,1.186
8.405,-1.0387,-0.4978,0.208,1.17
8.408,-1.0235,-0.5001,0.1972,1.156
8.411,-1.012,-0.5013,0.1825,1.1440000000000001
8.413,-1.0065,-0.5086,0.1708,1.141
8.415,-1.0054,-0.516,0.1762,1.1440000000000001
8.417,-1.0044,-0.517,0.1796,1.1440000000000001
8.42,-1.0046,-0.516,0.1908,1.145
8.423,-0.9978,-0.5071,0.1918,1.136
8.425,-0.993,-0.5016,0.1908,1.129
8.427,-0.9723,-0.4906,0.1557,1.1
8.43,-0.9917,-0.485,0.185,1.119
8.433,-0.9895,-0.4791,0.2007,1.1179999999999999
8.435,-0.9794,-0.4707,0.2154,1.1079999999999999
8.437,-0.9772,-0.4623,0.2256,1.104
8.44,-0.9784,-0.4491,0.2388,1.103
8.442,-0.9884,-0.4419,0.252,1.112
8.445,-0.9975,-0.4338,0.2662,1.12
8.447,-1.0069,-0.4245,0.2765,1.127
8.449,-1.0159,-0.4153,0.2799,1.133
8.452,-1.0259,-0.4047,0.2906,1.141
8.455,-1.0295,-0.3925,0.2877,1.139
8.457,-1.035,-0.3862,0.2921,1.143
8.459,-1.041,-0.378,0.3009,1.148
8.462,-1.0516,-0.3683,0.323,1.16
8.464,-1.0572,-0.3611,0.3415,1.168
8.467,-1.059,-0.3528,0.364,1.1740000000000002
8.469,-1.0578,-0.3459,0.3797,1.176
8.472,-1.0605,-0.3377,0.3997,1.183
8.474,-1.0642,-0.3319,0.4173,1.19
8.476,-1.0688,-0.3246,0.4349,1.199
8.479,-1.0705,-0.3153,0.4535,1.205
8.481,-1.0717,-0.3065,0.4618,1.207
8.484,-1.0714,-0.2992,0.4697,1.207
8.486,-1.0657,-0.2928,0.4731,1.202
8.492,-1.0609,-0.2863,0.4789,1.199
8.492,-1.0551,-0.2804,0.4814,1.193
8.494,-1.0489,-0.2715,0.4902,1.189
8.496,-1.0447,-0.2666,0.499,1.188
8.498,-1.0385,-0.2641,0.5132,1.188
8.502,-1.0303,-0.2616,0.5151,1.181
8.504,-1.0234,-0.2615,0.5161,1.176
8.506,-1.0066,-0.2598,0.5054,1.156
8.508,-1.0204,-0.2629,0.5142,1.172
8.512,-1.0249,-0.264,0.5279,1.183
8.513,-1.0162,-0.2614,0.525,1.173
8.516,-1.0131,-0.2604,0.5176,1.167
8.518,-1.0071,-0.2598,0.498,1.153
8.521,-1.0014,-0.2627,0.4678,1.136
8.523,-0.998,-0.2694,0.4335,1.121
8.525,-0.9968,-0.2752,0.4154,1.114
8.528,-0.9972,-0.2821,0.4095,1.114
8.53,-0.9951,-0.2874,0.4042,1.112
8.535,-0.9956,-0.2904,0.4081,1.114
8.535,-1.0015,-0.2909,0.4134,1.122
8.538,-1.0098,-0.2915,0.4159,1.13
8.54,-1.0187,-0.2892,0.4115,1.136
8.544,-1.0303,-0.2913,0.4071,1.145
8.545,-1.0434,-0.2929,0.3992,1.155
8.548,-1.0541,-0.2964,0.3934,1.163
8.55,-1.0614,-0.297,0.3899,1.169
8.553,-1.0677,-0.2995,0.3904,1.176
8.555,-1.0732,-0.2991,0.3977,1.183
8.557,-1.0762,-0.2967,0.4085,1.189
8.56,-1.0812,-0.2963,0.4217,1.198
8.562,-1.0823,-0.2943,0.4266,1.2
8.565,-1.0784,-0.2953,0.4236,1.196
8.568,-1.0997,-0.3005,0.4672,1.232
8.57,-1.1034,-0.3055,0.5024,1.25
8.572,-1.1022,-0.3031,0.5234,1.2570000000000001
8.574,-1.1093,-0.3027,0.5543,1.276
8.577,-1.1119,-0.3028,0.5713,1.286
8.579,-1.1076,-0.3008,0.5792,1.286
8.582,-1.1052,-0.2983,0.5782,1.2819999999999998
8.584,-1.1037,-0.2992,0.5753,1.28
8.789,-1.1011,-0.3022,0.5674,1.275
8.79,-1.1011,-0.3051,0.5611,1.273
8.79,-1.1024,-0.3125,0.5582,1.275
8.79,-1.1102,-0.3199,0.5626,1.285
8.791,-1.1219,-0.3284,0.5699,1.3
8.791,-1.1312,-0.3358,0.5787,1.314
8.791,-1.1414,-0.3482,0.584,1.329
8.792,-1.155,-0.3616,0.5928,1.348
8.792,-1.1647,-0.3789,0.6079,1.367
8.793,-1.1788,-0.4006,0.6255,1.393
8.793,-1.1973,-0.4278,0.6465,1.426
8.793,-1.2152,-0.457,0.6597,1.456
8.794,-1.2325,-0.4866,0.669,1.484
8.794,-1.2479,-0.5176,0.6807,1.5130000000000001
8.794,-1.2604,-0.5482,0.6943,1.54
8.794,-1.2749,-0.5748,0.7075,1.567
8.795,-1.2903,-0.6014,0.7163,1.594
8.795,-1.3023,-0.6232,0.7217,1.614
8.795,-1.3125,-0.6409,0.7295,1.633
8.795,-1.3192,-0.6533,0.7368,1.646
8.795,-1.3227,-0.6588,0.7456,1.655
8.796,-1.3285,-0.6617,0.7476,1.662
8.796,-1.3325,-0.6623,0.7495,1.666
8.796,-1.3413,-0.6619,0.7505,1.673
8.796,-1.3515,-0.6615,0.7495,1.681
8.797,-1.3594,-0.6611,0.7495,1.6869999999999998
8.797,-1.3634,-0.6597,0.7504,1.69
8.797,-1.3673,-0.6597,0.7519,1.694
8.797,-1.3717,-0.6603,0.7539,1.699
8.798,-1.3688,-0.6538,0.7543,1.694
8.798,-1.3631,-0.6455,0.7598,1.689
8.798,-1.3559,-0.639,0.7666,1.6840000000000002
8.798,-1.3472,-0.6287,0.7652,1.672
8.798,-1.3355,-0.6182,0.7627,1.6580000000000001
8.799,-1.3224,-0.6048,0.752,1.6369999999999998
8.799,-1.3068,-0.587,0.7359,1.61
8.799,-1.2917,-0.5667,0.7173,1.5819999999999999
8.799,-1.2732,-0.5454,0.6958,1.55
8.8,-1.2542,-0.5255,0.6733,1.517
8.8,-1.237,-0.5032,0.6498,1.485
8.8,-1.2184,-0.4829,0.6288,1.454
8.8,-1.2004,-0.4646,0.6093,1.4240000000000002
8.8,-1.1852,-0.4487,0.5883,1.3969999999999998
8.801,-1.173,-0.4377,0.5702,1.376
8.801,-1.1612,-0.4278,0.5536,1.3559999999999999
8.801,-1.1499,-0.4237,0.5453,1.341
8.801,-1.1381,-0.4225,0.5355,1.327
8.802,-1.1291,-0.42,0.5204,1.3119999999999998
8.802,-1.1192,-0.4252,0.5087,1.301
8.802,-1.1112,-0.432,0.4979,1.2919999999999998
8.802,-1.1071,-0.4418,0.4921,1.29
8.803,-1.0972,-0.449,0.4881,1.2819999999999998
8.803,-1.0898,-0.4567,0.4847,1.2770000000000001
8.803,-1.0813,-0.4659,0.4818,1.272
8.803,-1.0724,-0.4761,0.4794,1.2670000000000001
8.804,-1.0669,-0.4907,0.4813,1.2690000000000001
8.804,-1.0638,-0.5078,0.4842,1.274
8.804,-1.0636,-0.5304,0.496,1.288
8.804,-1.0581,-0.5455,0.4979,1.29
8.804,-1.052,-0.5616,0.5043,1.295
8.805,-1.048,-0.5807,0.5082,1.301
8.805,-1.0468,-0.6003,0.5121,1.311
8.805,-1.0456,-0.6228,0.5189,1.3230000000000002
8.805,-1.0435,-0.6453,0.5272,1.335
8.806,-1.0453,-0.6679,0.5359,1.351
8.806,-1.0475,-0.6895,0.5423,1.3659999999999999
8.806,-1.0483,-0.7096,0.5472,1.379
8.806,-1.0511,-0.7277,0.5541,1.393
8.806,-1.0524,-0.7464,0.559,1.406
8.807,-1.0542,-0.7645,0.5643,1.419
8.807,-1.0541,-0.7862,0.5751,1.435
8.807,-1.0466,-0.8032,0.5775,1.44
8.807,-1.0327,-0.8128,0.5717,1.433
8.808,-1.0155,-0.8195,0.5668,1.423
8.808,-0.9986,-0.8261,0.558,1.411
8.808,-0.9839,-0.8318,0.5526,1.402
8.808,-0.974,-0.8381,0.5526,1.399
8.808,-0.9637,-0.8409,0.5463,1.391
8.809,-0.9547,-0.8442,0.5389,1.3840000000000001
8.809,-0.9449,-0.8441,0.5306,1.374
8.809,-0.9365,-0.844,0.5223,1.365
8.809,-0.9256,-0.8418,0.5047,1.349
8.81,-0.9138,-0.8378,0.4876,1.3319999999999999
8.81,-0.9029,-0.8347,0.4661,1.315
8.81,-0.8934,-0.8316,0.4509,1.301
8.81,-0.8865,-0.8256,0.4387,1.288
8.81,-0.8767,-0.8196,0.4274,1.274
8.811,-0.8698,-0.8107,0.4157,1.26
8.811,-0.8601,-0.8013,0.4069,1.244
8.811,-0.8552,-0.7914,0.3962,1.2309999999999999
8.811,-0.8479,-0.7796,0.3869,1.215
8.811,-0.8416,-0.7667,0.3737,1.198
8.822,-0.8406,-0.7564,0.3595,1.187
8.822,-0.8377,-0.744,0.3473,1.173
8.823,-0.8348,-0.7327,0.3351,1.16
8.823,-0.8372,-0.723,0.3239,1.153
8.823,-0.8348,-0.7122,0.3111,1.141
8.836,-0.8275,-0.6993,0.3018,1.125
8.837,-0.8217,-0.6875,0.2916,1.11
8.837,-0.8188,-0.6747,0.2838,1.0979999999999999
8.837,-0.8179,-0.6624,0.2755,1.088
8.838,-0.816,-0.6511,0.2667,1.077
8.838,-0.8108,-0.6343,0.2628,1.062
8.84,-0.8083,-0.6265,0.252,1.053
8.842,-0.8073,-0.6191,0.2428,1.046
8.844,-0.8064,-0.6152,0.2369,1.042
8.849,-0.8054,-0.6098,0.234,1.037
8.85,-0.8026,-0.601,0.2325,1.0290000000000001
8.852,-0.8006,-0.5955,0.2281,1.024
8.854,-0.7992,-0.5896,0.2262,1.0190000000000001
8.861,-0.7968,-0.5837,0.2247,1.013
8.862,-0.7974,-0.5778,0.2262,1.01
8.862,-0.7941,-0.5709,0.2257,1.004
8.864,-0.7932,-0.5655,0.2266,1.0
8.867,-0.7918,-0.5616,0.2281,0.997
8.869,-0.7918,-0.5568,0.2301,0.995
8.871,-0.7904,-0.5547,0.2315,0.993
8.874,-0.7885,-0.5523,0.2335,0.991
8.876,-0.788,-0.5503,0.233,0.9890000000000001
8.879,-0.7865,-0.5503,0.231,0.987
8.881,-0.7835,-0.5518,0.2271,0.985
8.884,-0.7826,-0.5488,0.2281,0.983
8.886,-0.7854,-0.5488,0.2242,0.9840000000000001
8.889,-0.7815,-0.5434,0.2164,0.976
8.891,-0.781,-0.5414,0.2066,0.972
8.894,-0.7838,-0.5434,0.1988,0.9740000000000001
8.896,-0.7867,-0.5453,0.19,0.976
8.898,-0.789,-0.5502,0.1826,0.9790000000000001
8.901,-0.7942,-0.5567,0.1748,0.986
8.904,-0.8,-0.5626,0.1728,0.993
8.906,-0.8134,-0.5707,0.2096,1.016
8.908,-0.8093,-0.5691,0.1816,1.006
8.911,-0.8007,-0.5635,0.1474,0.99
8.916,-0.7941,-0.5693,0.1215,0.985
8.917,-0.7918,-0.5766,0.1024,0.985
8.918,-0.7926,-0.5854,0.0858,0.9890000000000001
8.921,-0.7938,-0.5922,0.0726,0.993
8.926,-0.7957,-0.5972,0.0667,0.997
8.926,-0.801,-0.6006,0.0682,1.003
8.928,-0.8035,-0.6027,0.0765,1.0070000000000001
8.931,-0.8026,-0.6017,0.0819,1.006
8.933,-0.8032,-0.6027,0.0912,1.008
8.935,-0.8032,-0.6002,0.0971,1.0070000000000001
8.938,-0.8042,-0.6012,0.1005,1.0090000000000001
8.94,-0.8048,-0.6013,0.1049,1.01
8.944,-0.8028,-0.6027,0.1068,1.01
8.945,-0.8018,-0.6012,0.1068,1.008
8.949,-0.8004,-0.6032,0.1083,1.008
8.95,-0.7984,-0.6046,0.1122,1.008
8.953,-0.7994,-0.608,0.1141,1.011
8.955,-0.7979,-0.6115,0.1166,1.012
8.957,-0.7989,-0.6149,0.121,1.015
8.96,-0.7979,-0.6188,0.1249,1.0170000000000001
8.963,-0.7979,-0.6213,0.1283,1.0190000000000001
8.965,-0.7984,-0.6247,0.1361,1.023
8.967,-0.799,-0.6287,0.1439,1.0270000000000001
8.971,-0.7981,-0.6296,0.1523,1.028
8.972,-0.7971,-0.6316,0.1582,1.0290000000000001
8.975,-0.7948,-0.6311,0.165,1.028
8.977,-0.7938,-0.6316,0.1704,1.0290000000000001
8.979,-0.7924,-0.6331,0.1752,1.0290000000000001
8.982,-0.7905,-0.633,0.1796,1.0290000000000001
8.985,-0.79,-0.6345,0.1831,1.03
8.987,-0.7871,-0.634,0.1889,1.028
8.989,-0.7851,-0.6335,0.1914,1.0270000000000001
8.992,-0.7832,-0.6339,0.1933,1.026
8.994,-0.7793,-0.6359,0.1958,1.025
8.997,-0.7754,-0.6363,0.1982,1.022
8.999,-0.773,-0.6363,0.2002,1.021
9.002,-0.7681,-0.6372,0.2017,1.018
9.004,-0.7676,-0.6377,0.2037,1.0190000000000001
9.006,-0.7647,-0.6381,0.2042,1.0170000000000001
9.009,-0.7612,-0.6386,0.2056,1.015
9.011,-0.7573,-0.639,0.2061,1.012
9.014,-0.7544,-0.6375,0.2056,1.0090000000000001
9.016,-0.7524,-0.64,0.2022,1.008
9.019,-0.7514,-0.6409,0.1973,1.0070000000000001
9.021,-0.7514,-0.6434,0.1988,1.0090000000000001
9.024,-0.7537,-0.6483,0.1978,1.014
9.03,-0.7556,-0.6532,0.1982,1.018
9.03,-0.7645,-0.6608,0.2174,1.034
9.032,-0.7656,-0.6642,0.2276,1.0390000000000001
9.034,-0.7575,-0.6621,0.1962,1.025
9.036,-0.7514,-0.6605,0.1743,1.016
9.039,-0.7496,-0.6742,0.1547,1.02
9.041,-0.7484,-0.6864,0.1425,1.025
9.043,-0.7506,-0.6967,0.1347,1.033
9.046,-0.7495,-0.7035,0.1322,1.036
9.049,-0.749,-0.7084,0.1376,1.04
9.051,-0.7534,-0.7168,0.1464,1.05
9.053,-0.7545,-0.7227,0.1586,1.057
9.056,-0.7559,-0.7291,0.1679,1.064
9.058,-0.7554,-0.7384,0.1747,1.071
9.06,-0.7588,-0.7448,0.1801,1.078
9.064,-0.7627,-0.7542,0.183,1.088
9.065,-0.766,-0.7641,0.1874,1.0979999999999999
9.068,-0.7684,-0.772,0.1908,1.1059999999999999
9.071,-0.7673,-0.7832,0.1962,1.114
9.073,-0.7663,-0.7935,0.1991,1.121
9.075,-0.7677,-0.8023,0.2045,1.129
9.291,-0.7676,-0.8092,0.2065,1.1340000000000001
9.292,-0.7651,-0.8165,0.2114,1.139
9.293,-0.765,-0.8263,0.2158,1.147
9.293,-0.7621,-0.8317,0.2221,1.15
9.294,-0.7572,-0.8404,0.2265,1.1540000000000001
9.294,-0.7547,-0.8492,0.2309,1.159
9.294,-0.7487,-0.8565,0.2324,1.161
9.294,-0.7394,-0.8618,0.2344,1.159
9.295,-0.7301,-0.8641,0.2349,1.155
9.295,-0.7169,-0.8664,0.2349,1.149
9.295,-0.7071,-0.8683,0.2354,1.1440000000000001
9.295,-0.6964,-0.8681,0.2378,1.138
9.296,-0.6861,-0.869,0.2417,1.133
9.296,-0.6759,-0.8689,0.2442,1.128
9.296,-0.6657,-0.8659,0.2505,1.121
9.297,-0.6578,-0.8662,0.2525,1.117
9.297,-0.6491,-0.8652,0.2574,1.112
9.297,-0.6443,-0.8647,0.2618,1.11
9.297,-0.6428,-0.8671,0.2623,1.111
9.298,-0.6447,-0.872,0.2642,1.1159999999999999
9.298,-0.6451,-0.8769,0.2647,1.12
9.298,-0.6494,-0.8858,0.2638,1.13
9.298,-0.6542,-0.8952,0.2627,1.139
9.299,-0.6585,-0.903,0.2632,1.148
9.299,-0.6652,-0.912,0.2632,1.159
9.299,-0.6802,-0.9142,0.2965,1.177
9.299,-0.6754,-0.9131,0.2979,1.1740000000000002
9.3,-0.67,-0.9238,0.2661,1.172
9.3,-0.6623,-0.9339,0.2398,1.17
9.3,-0.6538,-0.9436,0.2222,1.169
9.3,-0.6472,-0.9518,0.208,1.17
9.301,-0.6436,-0.9566,0.1991,1.17
9.301,-0.6371,-0.959,0.1864,1.166
9.301,-0.6273,-0.9594,0.1801,1.16
9.301,-0.6144,-0.9582,0.1723,1.151
9.302,-0.6008,-0.9522,0.1669,1.138
9.302,-0.5833,-0.9436,0.162,1.121
9.302,-0.5627,-0.9327,0.1503,1.1
9.303,-0.5403,-0.9177,0.1445,1.075
9.303,-0.5138,-0.8944,0.1508,1.042
9.303,-0.4878,-0.8651,0.1636,1.0070000000000001
9.303,-0.4634,-0.835,0.1773,0.971
9.304,-0.4346,-0.7999,0.1925,0.93
9.304,-0.4053,-0.7643,0.2067,0.889
9.304,-0.3829,-0.7323,0.2215,0.855
9.304,-0.3638,-0.6997,0.2376,0.8240000000000001
9.304,-0.3467,-0.6692,0.2479,0.7929999999999999
9.305,-0.3373,-0.6445,0.2552,0.7709999999999999
9.305,-0.3293,-0.6229,0.2641,0.752
9.305,-0.3271,-0.6014,0.2689,0.735
9.305,-0.3258,-0.5847,0.2743,0.723
9.306,-0.328,-0.5706,0.2812,0.716
9.306,-0.3308,-0.5559,0.2876,0.708
9.306,-0.3393,-0.5418,0.2949,0.7040000000000001
9.306,-0.3474,-0.5291,0.3032,0.7020000000000001
9.307,-0.3608,-0.5205,0.3105,0.705
9.307,-0.378,-0.5153,0.3155,0.713
9.307,-0.3917,-0.5116,0.3203,0.72
9.307,-0.406,-0.5059,0.3247,0.725
9.308,-0.4247,-0.5051,0.3296,0.738
9.308,-0.4422,-0.5053,0.3306,0.748
9.308,-0.4618,-0.5036,0.3305,0.759
9.308,-0.4819,-0.5052,0.3286,0.772
9.308,-0.5023,-0.504,0.3208,0.7809999999999999
9.309,-0.5208,-0.5087,0.3188,0.795
9.309,-0.5412,-0.5172,0.3143,0.812
9.309,-0.5588,-0.5208,0.3099,0.8240000000000001
9.309,-0.5791,-0.5323,0.304,0.843
9.31,-0.6019,-0.5434,0.2952,0.863
9.31,-0.6246,-0.5574,0.2874,0.885
9.31,-0.6488,-0.5709,0.279,0.9079999999999999
9.31,-0.6721,-0.5838,0.2707,0.9309999999999999
9.311,-0.6914,-0.5977,0.2643,0.951
9.311,-0.7093,-0.6102,0.2604,0.971
9.311,-0.7209,-0.6201,0.2575,0.985
9.311,-0.7295,-0.63,0.2506,0.996
9.311,-0.7357,-0.6393,0.2428,1.004
9.312,-0.7404,-0.6472,0.232,1.01
9.312,-0.7455,-0.6596,0.2208,1.02
9.312,-0.7492,-0.6699,0.214,1.028
9.312,-0.7529,-0.6821,0.2061,1.037
9.313,-0.7552,-0.6934,0.2007,1.045
9.313,-0.7584,-0.7037,0.1933,1.053
9.313,-0.7592,-0.7155,0.1845,1.0590000000000002
9.313,-0.7615,-0.7243,0.1821,1.067
9.313,-0.7703,-0.7348,0.2007,1.083
9.314,-0.7769,-0.7338,0.2246,1.092
9.314,-0.7595,-0.7287,0.1865,1.069
9.314,-0.744,-0.726,0.1469,1.05
9.314,-0.7349,-0.7313,0.122,1.044
9.315,-0.7279,-0.737,0.1024,1.041
9.315,-0.7257,-0.7384,0.0888,1.0390000000000001
9.315,-0.7197,-0.7388,0.0745,1.034
9.315,-0.7177,-0.7359,0.0554,1.0290000000000001
9.315,-0.7111,-0.7318,0.0374,1.021
9.316,-0.7031,-0.7302,0.0144,1.014
9.316,-0.6951,-0.7272,-0.0061,1.006
9.316,-0.6906,-0.7256,-0.0262,1.002
9.321,-0.688,-0.7226,-0.0458,0.9990000000000001
9.321,-0.6879,-0.7172,-0.0609,0.996
9.323,-0.6913,-0.7123,-0.0702,0.995
9.326,-0.6947,-0.7065,-0.0761,0.9940000000000001
9.329,-0.7,-0.7045,-0.0839,0.997
9.33,-0.7059,-0.7012,-0.0888,0.9990000000000001
9.333,-0.7122,-0.6964,-0.0947,1.001
9.336,-0.7211,-0.6921,-0.0961,1.004
9.342,-0.7285,-0.6882,-0.0966,1.0070000000000001
9.343,-0.7363,-0.6839,-0.1005,1.01
9.344,-0.7481,-0.6791,-0.1035,1.016
9.345,-0.7603,-0.6744,-0.1035,1.022
9.348,-0.7764,-0.6721,-0.104,1.032
9.356,-0.7947,-0.6704,-0.1,1.044
9.357,-0.8177,-0.6677,-0.0942,1.06
9.357,-0.8403,-0.666,-0.0869,1.0759999999999998
9.357,-0.8619,-0.6658,-0.0757,1.092
9.361,-0.8835,-0.6671,-0.0659,1.109
9.362,-0.9018,-0.6688,-0.0523,1.124
9.365,-0.9234,-0.6695,-0.0352,1.141
9.367,-0.9466,-0.6693,-0.0185,1.159
9.37,-0.9653,-0.6686,0.0001,1.1740000000000002
9.372,-0.9806,-0.6644,0.0153,1.185
9.375,-0.9936,-0.6582,0.0338,1.192
9.377,-1.008,-0.6555,0.049,1.203
9.379,-1.0223,-0.6536,0.0631,1.215
9.382,-1.0372,-0.6543,0.0778,1.229
9.384,-1.0499,-0.655,0.0876,1.2409999999999999
9.387,-1.0613,-0.6561,0.0978,1.252
9.39,-1.0745,-0.6558,0.1027,1.263
9.392,-1.0843,-0.6555,0.1071,1.272
9.394,-1.0917,-0.654,0.1076,1.2770000000000001
9.397,-1.0981,-0.6526,0.1076,1.2819999999999998
9.399,-1.1034,-0.6497,0.1027,1.285
9.402,-1.1048,-0.6478,0.0969,1.284
9.404,-1.1092,-0.6469,0.0905,1.287
9.406,-1.1121,-0.6444,0.085,1.288
9.409,-1.1135,-0.6425,0.0772,1.288
9.411,-1.1149,-0.64,0.0694,1.287
9.414,-1.1169,-0.6366,0.064,1.287
9.417,-1.1169,-0.6303,0.0587,1.284
9.419,-1.1174,-0.6248,0.0528,1.281
9.421,-1.1164,-0.6194,0.0465,1.278
9.424,-1.1179,-0.6121,0.0367,1.275
9.426,-1.1207,-0.6086,0.0255,1.276
9.429,-1.1241,-0.6018,0.0108,1.275
9.431,-1.1289,-0.596,-0.0044,1.2770000000000001
9.433,-1.1279,-0.5857,-0.0195,1.271
9.436,-1.1313,-0.5784,-0.0352,1.271
9.439,-1.1356,-0.573,-0.0513,1.273
9.443,-1.1409,-0.5647,-0.0684,1.275
9.443,-1.1448,-0.5588,-0.0827,1.2770000000000001
9.446,-1.1501,-0.5496,-0.0978,1.278
9.448,-1.1569,-0.5438,-0.1119,1.2830000000000001
9.455,-1.1676,-0.5379,-0.1251,1.2919999999999998
9.455,-1.1701,-0.5272,-0.1325,1.29
9.455,-1.1765,-0.5209,-0.1398,1.294
9.458,-1.1862,-0.5156,-0.1492,1.3019999999999998
9.46,-1.196,-0.5073,-0.1565,1.3090000000000002
9.464,-1.2073,-0.5011,-0.1604,1.317
9.465,-1.217,-0.4944,-0.1673,1.324
9.468,-1.2254,-0.49,-0.1677,1.33
9.47,-1.2413,-0.4873,-0.1428,1.341
9.474,-1.2438,-0.4756,-0.155,1.341
9.475,-1.2462,-0.4623,-0.1785,1.341
9.478,-1.2524,-0.4541,-0.1961,1.347
9.48,-1.2592,-0.4512,-0.2103,1.354
9.483,-1.2695,-0.4513,-0.2132,1.364
9.485,-1.2842,-0.4515,-0.2069,1.3769999999999998
9.487,-1.2979,-0.4477,-0.2025,1.3880000000000001
9.49,-1.3063,-0.4429,-0.1951,1.393
9.492,-1.3143,-0.4382,-0.1893,1.3980000000000001
9.496,-1.317,-0.4274,-0.1825,1.3969999999999998
9.497,-1.3215,-0.4196,-0.1795,1.3980000000000001
9.5,-1.3236,-0.4098,-0.1751,1.3969999999999998
9.503,-1.3286,-0.4001,-0.1712,1.3980000000000001
9.505,-1.3361,-0.3934,-0.1619,1.402
9.507,-1.3446,-0.389,-0.1497,1.4080000000000001
9.51,-1.3501,-0.3857,-0.1374,1.411
9.512,-1.3541,-0.3848,-0.1242,1.413
9.514,-1.3567,-0.3809,-0.1174,1.4140000000000001
9.517,-1.3607,-0.3751,-0.1174,1.416
9.519,-1.3603,-0.3721,-0.1188,1.415
9.522,-1.3593,-0.3706,-0.1184,1.4140000000000001
9.525,-1.3574,-0.3697,-0.113,1.411
9.527,-1.3501,-0.3686,-0.1076,1.4040000000000001
9.529,-1.3447,-0.3705,-0.1036,1.399
9.532,-1.3355,-0.3719,-0.1022,1.39
9.534,-1.3276,-0.3747,-0.1007,1.383
9.536,-1.3183,-0.3756,-0.1012,1.375
9.539,-1.3129,-0.376,-0.1012,1.369
9.546,-1.3046,-0.3784,-0.0993,1.3619999999999999
9.547,-1.2963,-0.3836,-0.0978,1.355
9.547,-1.2904,-0.3885,-0.0944,1.351
9.549,-1.283,-0.3929,-0.091,1.345
9.552,-1.2781,-0.3982,-0.0856,1.341
9.554,-1.2732,-0.402,-0.0822,1.338
9.556,-1.2722,-0.4059,-0.0783,1.338
9.558,-1.2654,-0.4098,-0.0743,1.3319999999999999
9.561,-1.2625,-0.4147,-0.0704,1.331
9.564,-1.2571,-0.42,-0.0631,1.327
9.566,-1.2522,-0.4234,-0.0591,1.3230000000000002
9.798,-1.2464,-0.4253,-0.0518,1.318
9.799,-1.241,-0.4247,-0.044,1.3119999999999998
9.799,-1.241,-0.4263,-0.0391,1.3130000000000002
9.8,-1.2415,-0.4307,-0.0357,1.315
9.8,-1.243,-0.4327,-0.0323,1.317
9.8,-1.243,-0.4342,-0.0259,1.317
9.801,-1.2445,-0.4366,-0.023,1.319
9.801,-1.2435,-0.4396,-0.0205,1.319
9.801,-1.244,-0.44,-0.0186,1.32
9.802,-1.2445,-0.441,-0.0151,1.32
9.802,-1.2466,-0.4411,-0.0132,1.3219999999999998
9.803,-1.249,-0.4382,-0.0112,1.324
9.803,-1.251,-0.4358,-0.0098,1.325
9.803,-1.2554,-0.4363,-0.0088,1.329
9.804,-1.2598,-0.4373,-0.0117,1.334
9.804,-1.2657,-0.4364,-0.0117,1.339
9.804,-1.2759,-0.4429,-0.0137,1.351
9.804,-1.2889,-0.4528,-0.0176,1.3659999999999999
9.805,-1.3009,-0.4671,-0.0225,1.382
9.805,-1.3168,-0.4845,-0.0264,1.403
9.805,-1.3336,-0.5057,-0.0338,1.4269999999999998
9.805,-1.3538,-0.5299,-0.0368,1.454
9.805,-1.3721,-0.5552,-0.0358,1.4809999999999999
9.806,-1.3928,-0.5843,-0.0374,1.511
9.806,-1.4126,-0.6119,-0.0354,1.54
9.806,-1.4289,-0.6346,-0.0315,1.564
9.806,-1.4478,-0.6575,-0.0261,1.59
9.807,-1.4608,-0.6748,-0.0193,1.609
9.807,-1.4715,-0.692,-0.0125,1.626
9.807,-1.4812,-0.7078,-0.0046,1.642
9.807,-1.4909,-0.7222,0.0051,1.6569999999999998
9.808,-1.4972,-0.733,0.0129,1.6669999999999998
9.808,-1.4977,-0.7404,0.0193,1.671
9.808,-1.4972,-0.7428,0.0227,1.671
9.808,-1.4928,-0.7438,0.0281,1.6680000000000001
9.808,-1.4899,-0.7442,0.0295,1.666
9.809,-1.4826,-0.7442,0.0295,1.659
9.809,-1.4743,-0.7392,0.0305,1.65
9.809,-1.4636,-0.7341,0.0291,1.6380000000000001
9.809,-1.4548,-0.7282,0.0242,1.6269999999999998
9.81,-1.4402,-0.7201,0.0228,1.61
9.81,-1.4193,-0.7081,0.0203,1.5859999999999999
9.81,-1.3906,-0.6931,0.0208,1.554
9.81,-1.3674,-0.6796,0.0223,1.527
9.811,-1.3513,-0.6701,0.0209,1.508
9.811,-1.3411,-0.6636,0.0204,1.496
9.811,-1.3358,-0.6607,0.0219,1.49
9.811,-1.3284,-0.6586,0.0253,1.483
9.811,-1.3173,-0.6556,0.0262,1.472
9.812,-1.3027,-0.6495,0.0307,1.456
9.812,-1.2858,-0.6419,0.0361,1.4380000000000002
9.812,-1.2708,-0.6354,0.0454,1.421
9.812,-1.2592,-0.6289,0.0527,1.409
9.813,-1.2515,-0.624,0.062,1.4
9.813,-1.2477,-0.619,0.0718,1.395
9.813,-1.2449,-0.622,0.0806,1.3940000000000001
9.813,-1.2425,-0.6239,0.0938,1.3940000000000001
9.813,-1.2396,-0.6278,0.108,1.3940000000000001
9.814,-1.2397,-0.6362,0.1246,1.399
9.814,-1.2441,-0.6455,0.1388,1.4080000000000001
9.814,-1.25,-0.6594,0.1535,1.422
9.814,-1.2524,-0.6761,0.1691,1.433
9.815,-1.2558,-0.6928,0.1823,1.446
9.815,-1.2597,-0.7095,0.1984,1.459
9.815,-1.2625,-0.7296,0.2136,1.474
9.815,-1.2668,-0.7488,0.2277,1.489
9.816,-1.2682,-0.77,0.2419,1.5030000000000001
9.816,-1.2695,-0.7906,0.2556,1.517
9.816,-1.2728,-0.8092,0.2683,1.5319999999999998
9.816,-1.2728,-0.8278,0.28,1.544
9.817,-1.2737,-0.8441,0.2922,1.556
9.817,-1.2687,-0.8607,0.3015,1.5619999999999998
9.817,-1.2633,-0.8753,0.3122,1.568
9.817,-1.2563,-0.8885,0.3186,1.571
9.817,-1.2479,-0.8982,0.326,1.5719999999999998
9.818,-1.2395,-0.9074,0.3324,1.5719999999999998
9.818,-1.2332,-0.9157,0.3373,1.5730000000000002
9.818,-1.2281,-0.9269,0.3377,1.575
9.818,-1.2202,-0.9342,0.3373,1.5730000000000002
9.819,-1.2114,-0.9404,0.3397,1.571
9.819,-1.2025,-0.9477,0.3426,1.569
9.819,-1.1922,-0.951,0.3426,1.5630000000000002
9.819,-1.1805,-0.9508,0.3441,1.554
9.819,-1.1653,-0.9482,0.3436,1.541
9.82,-1.1508,-0.9407,0.3451,1.526
9.82,-1.1357,-0.9361,0.3451,1.5119999999999998
9.82,-1.1177,-0.9286,0.3466,1.494
9.82,-1.1031,-0.9201,0.3442,1.4769999999999999
9.821,-1.0904,-0.9116,0.3427,1.462
9.821,-1.0793,-0.9022,0.3417,1.4480000000000002
9.821,-1.0662,-0.8918,0.3388,1.431
9.821,-1.055,-0.8832,0.3349,1.416
9.821,-1.0458,-0.8728,0.331,1.402
9.822,-1.0376,-0.8634,0.3247,1.3880000000000001
9.822,-1.0323,-0.855,0.3193,1.3780000000000001
9.822,-1.0279,-0.8427,0.3164,1.3659999999999999
9.822,-1.0241,-0.8358,0.3105,1.358
9.823,-1.0227,-0.8265,0.3061,1.35
9.823,-1.0218,-0.8181,0.3012,1.3430000000000002
9.823,-1.0208,-0.8113,0.2968,1.337
9.823,-1.0184,-0.8029,0.2919,1.329
9.824,-1.0179,-0.796,0.2841,1.3230000000000002
9.824,-1.0165,-0.7857,0.2773,1.314
9.824,-1.0175,-0.7789,0.2699,1.31
9.824,-1.0185,-0.7735,0.2655,1.306
9.829,-1.0195,-0.7646,0.2577,1.3
9.83,-1.02,-0.7578,0.2528,1.296
9.831,-1.0215,-0.7509,0.247,1.2919999999999998
9.833,-1.0206,-0.7435,0.2401,1.285
9.836,-1.0201,-0.7362,0.2343,1.28
9.838,-1.0177,-0.7279,0.2309,1.272
9.841,-1.0182,-0.7214,0.225,1.268
9.843,-1.0183,-0.7131,0.2206,1.263
9.846,-1.0193,-0.7078,0.2177,1.26
9.848,-1.0179,-0.7009,0.2128,1.254
9.857,-1.0179,-0.6931,0.2108,1.249
9.858,-1.0165,-0.6871,0.206,1.244
9.858,-1.0135,-0.6817,0.2006,1.238
9.858,-1.0126,-0.6758,0.1947,1.2329999999999999
9.861,-1.0121,-0.6709,0.1883,1.229
9.871,-1.011,-0.669,0.182,1.226
9.872,-1.011,-0.665,0.1781,1.2229999999999999
9.872,-1.0085,-0.6645,0.1717,1.22
9.872,-1.0075,-0.663,0.1693,1.218
9.873,-1.0036,-0.6619,0.1668,1.214
9.875,-0.9997,-0.6614,0.1619,1.21
9.878,-0.9944,-0.6599,0.1634,1.205
9.881,-0.9885,-0.6588,0.1639,1.199
9.882,-0.9822,-0.6592,0.1639,1.194
9.885,-0.9739,-0.6582,0.1658,1.187
9.887,-0.9685,-0.6596,0.1673,1.1840000000000002
9.89,-0.9621,-0.661,0.1688,1.179
9.892,-0.9538,-0.6633,0.1712,1.1740000000000002
9.895,-0.9489,-0.6638,0.1742,1.171
9.897,-0.9421,-0.6642,0.1751,1.166
9.9,-0.9343,-0.6666,0.1776,1.161
9.903,-0.9269,-0.668,0.1776,1.156
9.905,-0.9206,-0.6708,0.18,1.153
9.907,-0.9147,-0.6742,0.1815,1.151
9.909,-0.9093,-0.6795,0.1835,1.15
9.912,-0.9039,-0.6829,0.1864,1.148
9.915,-0.8965,-0.6867,0.1874,1.145
9.918,-0.8915,-0.6915,0.1889,1.1440000000000001
9.919,-0.8831,-0.6954,0.1894,1.14
9.922,-0.8763,-0.6997,0.1894,1.137
9.924,-0.8714,-0.7055,0.1918,1.137
9.929,-0.862,-0.7103,0.1913,1.133
9.929,-0.8576,-0.7156,0.1918,1.133
9.932,-0.8502,-0.721,0.1928,1.131
9.934,-0.8438,-0.7243,0.1952,1.129
9.939,-0.8384,-0.7282,0.1986,1.128
9.939,-0.8325,-0.7315,0.2016,1.126
9.941,-0.8276,-0.7359,0.2045,1.126
9.944,-0.8227,-0.7402,0.2065,1.126
9.946,-0.8159,-0.7436,0.2094,1.124
9.949,-0.81,-0.7475,0.2104,1.122
9.951,-0.8045,-0.7523,0.2124,1.122
9.956,-0.7996,-0.7561,0.2133,1.121
9.957,-0.7928,-0.757,0.2154,1.117
9.96,-0.7879,-0.7609,0.2154,1.1159999999999999
9.961,-0.7848,-0.7648,0.2173,1.117
9.964,-0.7804,-0.7691,0.2149,1.117
9.966,-0.774,-0.7716,0.2168,1.114
9.968,-0.7666,-0.773,0.2154,1.11
9.971,-0.7617,-0.7768,0.2149,1.109
9.973,-0.7592,-0.7788,0.2124,1.1079999999999999
9.976,-0.7543,-0.7816,0.2105,1.1059999999999999
9.978,-0.7464,-0.7815,0.2095,1.101
9.982,-0.742,-0.7819,0.2056,1.097
9.984,-0.7371,-0.7814,0.2051,1.094
9.986,-0.7264,-0.7803,0.2036,1.085
9.988,-0.7171,-0.7782,0.2031,1.078
9.991,-0.7093,-0.7762,0.2022,1.071
9.993,-0.6995,-0.7732,0.2012,1.062
9.995,-0.6908,-0.7706,0.2017,1.054
9.998,-0.681,-0.767,0.2012,1.045
10.0,-0.6703,-0.7625,0.2007,1.035
10.003,-0.6625,-0.758,0.2003,1.026
10.005,-0.6528,-0.7525,0.1992,1.016
10.008,-0.6445,-0.7484,0.1958,1.0070000000000001
10.01,-0.6353,-0.7444,0.1953,0.998
10.013,-0.6279,-0.7419,0.1944,0.991
10.016,-0.6211,-0.7403,0.1924,0.985
10.017,-0.6143,-0.7378,0.1909,0.9790000000000001
10.02,-0.6074,-0.7373,0.19,0.9740000000000001
10.023,-0.6001,-0.7362,0.1904,0.9690000000000001
10.025,-0.5937,-0.7346,0.1904,0.9640000000000001
10.027,-0.5875,-0.7331,0.1914,0.9590000000000001
10.03,-0.5806,-0.7315,0.1944,0.9540000000000001
10.032,-0.5743,-0.728,0.1964,0.948
10.035,-0.5685,-0.7241,0.1978,0.9420000000000001
10.038,-0.5642,-0.7221,0.1988,0.938
10.04,-0.5612,-0.7235,0.1993,0.937
10.042,-0.5602,-0.7255,0.2008,0.938
10.044,-0.5568,-0.7269,0.2028,0.938
10.047,-0.5538,-0.7308,0.2047,0.94
10.049,-0.5514,-0.7327,0.2072,0.94
10.052,-0.5509,-0.7351,0.2101,0.9420000000000001
10.054,-0.5499,-0.7406,0.2121,0.946
10.057,-0.5512,-0.7484,0.2111,0.953
10.302,-0.559,-0.7583,0.2121,0.966
10.303,-0.5618,-0.7691,0.2125,0.976
10.304,-0.5676,-0.7794,0.2096,0.987
10.304,-0.5728,-0.7898,0.2076,0.997
10.305,-0.576,-0.8001,0.2066,1.0070000000000001
10.305,-0.5823,-0.8109,0.2047,1.0190000000000001
10.305,-0.5856,-0.8208,0.2027,1.028
10.305,-0.5854,-0.8277,0.2013,1.034
10.306,-0.5839,-0.834,0.1997,1.038
10.306,-0.5804,-0.8393,0.1988,1.04
10.306,-0.5789,-0.8442,0.1963,1.042
10.307,-0.5768,-0.8506,0.1953,1.046
10.307,-0.5724,-0.8554,0.1958,1.048
10.307,-0.5671,-0.8558,0.1997,1.046
10.307,-0.5588,-0.8562,0.2008,1.042
10.308,-0.5499,-0.8551,0.2042,1.037
10.308,-0.5426,-0.8541,0.2056,1.033
10.308,-0.5329,-0.8535,0.2071,1.0270000000000001
10.308,-0.5198,-0.8469,0.2086,1.015
10.309,-0.5076,-0.8415,0.2111,1.005
10.309,-0.4955,-0.8349,0.2125,0.9940000000000001
10.309,-0.4853,-0.8285,0.2121,0.983
10.309,-0.4727,-0.8209,0.2111,0.971
10.31,-0.4601,-0.813,0.2116,0.958
10.31,-0.4499,-0.8026,0.2116,0.9440000000000001
10.31,-0.4377,-0.7927,0.2102,0.93
10.311,-0.4261,-0.7827,0.2116,0.9159999999999999
10.311,-0.416,-0.7714,0.2111,0.9009999999999999
10.311,-0.4068,-0.7638,0.2097,0.89
10.311,-0.3976,-0.7544,0.2102,0.878
10.312,-0.3938,-0.7475,0.2082,0.87
10.312,-0.3909,-0.7411,0.2058,0.863
10.312,-0.3885,-0.7367,0.2039,0.857
10.312,-0.3938,-0.7352,0.1984,0.857
10.313,-0.4001,-0.7373,0.1915,0.86
10.313,-0.4107,-0.7438,0.1852,0.87
10.313,-0.4233,-0.7498,0.1789,0.879
10.314,-0.4368,-0.7573,0.17,0.8909999999999999
10.314,-0.4499,-0.7623,0.1622,0.9
10.314,-0.4644,-0.7693,0.1529,0.912
10.314,-0.4789,-0.7779,0.1431,0.925
10.315,-0.4924,-0.7854,0.1318,0.9359999999999999
10.315,-0.5039,-0.7928,0.1206,0.9470000000000001
10.315,-0.5121,-0.7973,0.1098,0.9540000000000001
10.315,-0.5168,-0.7998,0.0996,0.9570000000000001
10.316,-0.5206,-0.8003,0.0864,0.9590000000000001
10.316,-0.5206,-0.7963,0.0775,0.955
10.316,-0.5206,-0.7904,0.0692,0.9490000000000001
10.316,-0.5176,-0.783,0.0604,0.941
10.317,-0.5142,-0.7752,0.0546,0.932
10.317,-0.5133,-0.7677,0.0482,0.925
10.317,-0.5114,-0.7589,0.0433,0.9159999999999999
10.317,-0.5124,-0.7515,0.038,0.91
10.317,-0.5134,-0.7432,0.0316,0.904
10.318,-0.5178,-0.7374,0.0262,0.9009999999999999
10.318,-0.5212,-0.7291,0.0184,0.8959999999999999
10.318,-0.5193,-0.7222,0.0126,0.89
10.318,-0.5174,-0.7124,0.0096,0.8809999999999999
10.319,-0.5142,-0.7006,0.0052,0.8690000000000001
10.319,-0.5098,-0.6893,0.0033,0.857
10.319,-0.5032,-0.673,0.0048,0.84
10.319,-0.4966,-0.6568,0.0067,0.823
10.32,-0.4885,-0.6415,0.0092,0.8059999999999999
10.32,-0.4828,-0.6277,0.0131,0.792
10.32,-0.4801,-0.613,0.0165,0.779
10.32,-0.4758,-0.6017,0.02,0.767
10.321,-0.4755,-0.589,0.0224,0.757
10.321,-0.4757,-0.5757,0.0234,0.747
10.321,-0.4798,-0.5641,0.0273,0.741
10.321,-0.4843,-0.5548,0.0303,0.737
10.321,-0.4903,-0.549,0.0332,0.737
10.322,-0.4986,-0.5442,0.0352,0.7390000000000001
10.322,-0.509,-0.5384,0.0341,0.742
10.322,-0.5217,-0.5381,0.0356,0.75
10.322,-0.5354,-0.5382,0.0356,0.76
10.323,-0.5505,-0.5374,0.0351,0.77
10.323,-0.5667,-0.5361,0.0322,0.7809999999999999
10.323,-0.5808,-0.5383,0.0317,0.7929999999999999
10.323,-0.5979,-0.5389,0.0302,0.8059999999999999
10.323,-0.615,-0.5401,0.0297,0.8190000000000001
10.324,-0.6311,-0.5413,0.0292,0.8320000000000001
10.324,-0.6467,-0.5435,0.0292,0.845
10.324,-0.6643,-0.5447,0.0253,0.8590000000000001
10.324,-0.6779,-0.5487,0.0214,0.872
10.325,-0.691,-0.5528,0.0179,0.885
10.325,-0.7061,-0.5583,0.013,0.9
10.325,-0.7207,-0.5649,0.0086,0.9159999999999999
10.325,-0.7342,-0.5734,0.0067,0.932
10.325,-0.7468,-0.5828,0.0042,0.9470000000000001
10.326,-0.7588,-0.5947,0.0007,0.9640000000000001
10.326,-0.7709,-0.6075,-0.0022,0.982
10.326,-0.7789,-0.6209,-0.0061,0.996
10.326,-0.7876,-0.6381,-0.0106,1.014
10.326,-0.7918,-0.6528,-0.0154,1.026
10.327,-0.795,-0.6686,-0.0179,1.0390000000000001
10.327,-0.8012,-0.6838,-0.0198,1.053
10.327,-0.8073,-0.699,-0.0223,1.068
10.327,-0.8139,-0.7148,-0.0238,1.084
10.327,-0.8226,-0.731,-0.0219,1.101
10.328,-0.8283,-0.7468,-0.0233,1.115
10.328,-0.8334,-0.764,-0.0238,1.131
10.329,-0.8386,-0.7788,-0.0233,1.145
10.329,-0.8424,-0.7896,-0.0214,1.155
10.329,-0.8462,-0.8004,-0.0219,1.165
10.329,-0.8515,-0.8132,-0.0214,1.178
10.329,-0.8543,-0.8255,-0.018,1.188
10.33,-0.8581,-0.8329,-0.0131,1.196
10.33,-0.862,-0.8408,-0.0146,1.204
10.33,-0.8672,-0.8501,-0.0156,1.215
10.33,-0.8736,-0.8542,-0.0078,1.222
10.33,-0.8803,-0.8518,0.025,1.225
10.342,-0.8786,-0.8606,0.0093,1.23
10.343,-0.8811,-0.8694,-0.02,1.238
10.343,-0.8827,-0.8826,-0.0401,1.249
10.343,-0.8849,-0.8914,-0.0518,1.2570000000000001
10.344,-0.8867,-0.8969,-0.0596,1.263
10.344,-0.8926,-0.8979,-0.0626,1.268
10.347,-0.8965,-0.8965,-0.0641,1.2690000000000001
10.349,-0.8995,-0.8911,-0.0607,1.268
10.358,-0.9031,-0.8838,-0.0577,1.265
10.358,-0.9066,-0.8784,-0.0508,1.263
10.358,-0.9107,-0.8741,-0.0425,1.263
10.359,-0.9177,-0.8712,-0.0338,1.266
10.366,-0.9261,-0.8689,-0.0259,1.27
10.367,-0.9345,-0.8681,-0.0176,1.276
10.367,-0.9444,-0.8658,-0.0093,1.281
10.369,-0.9543,-0.8634,0.0,1.287
10.38,-0.9646,-0.8596,0.0073,1.2919999999999998
10.38,-0.9735,-0.8548,0.0156,1.296
10.38,-0.9839,-0.8506,0.023,1.301
10.38,-0.9909,-0.8413,0.0313,1.3
10.381,-0.999,-0.8302,0.0376,1.2990000000000002
10.384,-1.0079,-0.8234,0.0454,1.3019999999999998
10.386,-1.0188,-0.8182,0.0518,1.308
10.388,-1.0303,-0.811,0.0621,1.3130000000000002
10.39,-1.0416,-0.8082,0.0704,1.32
10.393,-1.053,-0.8064,0.0792,1.329
10.396,-1.0649,-0.8012,0.089,1.3359999999999999
10.398,-1.0752,-0.7988,0.0963,1.3430000000000002
10.401,-1.0841,-0.796,0.1022,1.349
10.403,-1.094,-0.7932,0.1066,1.355
10.405,-1.1048,-0.7894,0.1115,1.3619999999999999
10.408,-1.1176,-0.7871,0.1159,1.3719999999999999
10.41,-1.1304,-0.7858,0.1173,1.382
10.413,-1.1465,-0.786,0.1192,1.395
10.415,-1.1612,-0.7852,0.1197,1.4069999999999998
10.417,-1.1725,-0.7824,0.1217,1.415
10.421,-1.1852,-0.7821,0.1197,1.425
10.426,-1.1959,-0.7802,0.1182,1.433
10.426,-1.2062,-0.7783,0.1168,1.44
10.427,-1.2156,-0.7716,0.1143,1.444
10.43,-1.2229,-0.7682,0.1114,1.4480000000000002
10.432,-1.2307,-0.7639,0.109,1.453
10.435,-1.2381,-0.7571,0.1046,1.455
10.437,-1.242,-0.7518,0.1002,1.455
10.44,-1.2455,-0.7454,0.0962,1.455
10.442,-1.2485,-0.7391,0.0913,1.454
10.444,-1.2481,-0.7332,0.0859,1.45
10.447,-1.2505,-0.7274,0.081,1.449
10.449,-1.2515,-0.7224,0.0737,1.4469999999999998
10.452,-1.252,-0.7195,0.0683,1.446
10.454,-1.2529,-0.7156,0.061,1.444
10.457,-1.2529,-0.7102,0.0546,1.4409999999999998
10.459,-1.2543,-0.7083,0.0488,1.4409999999999998
10.462,-1.2534,-0.7043,0.0449,1.4380000000000002
10.464,-1.2539,-0.6999,0.041,1.4369999999999998
10.467,-1.2504,-0.6984,0.0375,1.433
10.469,-1.2499,-0.693,0.0346,1.43
10.472,-1.2481,-0.69,0.0351,1.4269999999999998
10.474,-1.2462,-0.6842,0.0356,1.422
10.476,-1.2418,-0.6787,0.0331,1.416
10.48,-1.2408,-0.6733,0.0341,1.412
10.481,-1.2399,-0.6689,0.0351,1.409
10.484,-1.2401,-0.6621,0.039,1.406
10.486,-1.2391,-0.6576,0.0439,1.4040000000000001
10.489,-1.2398,-0.6517,0.0527,1.402
10.491,-1.2429,-0.6459,0.0601,1.402
10.494,-1.243,-0.64,0.0693,1.4
10.496,-1.2453,-0.6307,0.082,1.3980000000000001
10.498,-1.2484,-0.623,0.0933,1.3980000000000001
10.502,-1.2589,-0.6173,0.1055,1.406
10.504,-1.2751,-0.6155,0.1163,1.421
10.506,-1.2889,-0.6132,0.1251,1.433
10.508,-1.3007,-0.608,0.132,1.442
10.511,-1.3078,-0.6002,0.1373,1.445
10.513,-1.3133,-0.5895,0.1456,1.4469999999999998
10.516,-1.3145,-0.5754,0.1515,1.443
10.518,-1.3167,-0.5588,0.1583,1.439
10.52,-1.3228,-0.5451,0.1593,1.44
10.524,-1.3288,-0.529,0.1583,1.439
10.526,-1.3357,-0.5173,0.1535,1.4409999999999998
10.528,-1.3398,-0.5031,0.1496,1.439
10.53,-1.3413,-0.4928,0.1452,1.436
10.533,-1.3458,-0.4806,0.1422,1.436
10.535,-1.3474,-0.4675,0.1417,1.433
10.538,-1.3486,-0.4513,0.1388,1.429
10.54,-1.3521,-0.4371,0.1354,1.4269999999999998
10.544,-1.3523,-0.4234,0.1295,1.423
10.546,-1.3548,-0.4122,0.1242,1.421
10.55,-1.3554,-0.4009,0.1222,1.419
10.809,-1.3564,-0.393,0.1203,1.4169999999999998
10.81,-1.3565,-0.3857,0.1184,1.415
10.81,-1.3565,-0.3788,0.1135,1.413
10.81,-1.356,-0.3715,0.1076,1.41
10.811,-1.3561,-0.3656,0.1042,1.4080000000000001
10.811,-1.3561,-0.3617,0.1007,1.4069999999999998
10.811,-1.3532,-0.3548,0.0998,1.403
10.812,-1.3498,-0.3503,0.0964,1.3980000000000001
10.812,-1.3499,-0.343,0.0959,1.396
10.812,-1.3471,-0.3376,0.0959,1.392
10.813,-1.3471,-0.3356,0.0983,1.392
10.813,-1.3461,-0.3346,0.1003,1.391
10.813,-1.3471,-0.3366,0.1027,1.392
10.814,-1.3447,-0.3317,0.1013,1.389
10.814,-1.3413,-0.3287,0.0988,1.385
10.814,-1.3383,-0.3277,0.0964,1.381
10.814,-1.3369,-0.3282,0.0944,1.38
10.814,-1.3334,-0.3276,0.091,1.376
10.815,-1.33,-0.328,0.09,1.3730000000000002
10.815,-1.3285,-0.3275,0.0851,1.371
10.815,-1.3235,-0.329,0.0778,1.3659999999999999
10.815,-1.3195,-0.3313,0.0709,1.3619999999999999
10.815,-1.316,-0.3332,0.066,1.359
10.816,-1.3115,-0.3332,0.0587,1.354
10.816,-1.3071,-0.336,0.0518,1.351
10.816,-1.3006,-0.3374,0.045,1.344
10.816,-1.2951,-0.3403,0.0372,1.34
10.816,-1.2868,-0.3402,0.0308,1.331
10.817,-1.2803,-0.3421,0.024,1.325
10.817,-1.2739,-0.3445,0.0196,1.32
10.817,-1.2665,-0.3458,0.0201,1.3130000000000002
10.817,-1.2602,-0.3453,0.0176,1.307
10.818,-1.2524,-0.3452,0.0172,1.2990000000000002
10.818,-1.244,-0.3475,0.0177,1.2919999999999998
10.818,-1.2381,-0.3489,0.0172,1.286
10.818,-1.2327,-0.3528,0.0177,1.2819999999999998
10.818,-1.2302,-0.3567,0.0182,1.281
10.819,-1.2277,-0.3635,0.0177,1.28
10.819,-1.2296,-0.3708,0.0191,1.284
10.819,-1.2347,-0.3841,0.0181,1.2930000000000001
10.819,-1.2395,-0.3989,0.0196,1.3019999999999998
10.819,-1.2452,-0.4156,0.0211,1.3130000000000002
10.82,-1.2548,-0.4344,0.024,1.328
10.82,-1.2664,-0.4546,0.0279,1.3459999999999999
10.82,-1.2794,-0.4748,0.0332,1.365
10.82,-1.2924,-0.4975,0.0391,1.385
10.82,-1.3034,-0.5177,0.0454,1.403
10.821,-1.314,-0.5364,0.0532,1.42
10.821,-1.3237,-0.5543,0.061,1.436
10.821,-1.3294,-0.5695,0.0689,1.4480000000000002
10.821,-1.3352,-0.5814,0.0767,1.4580000000000002
10.822,-1.3439,-0.5927,0.0835,1.4709999999999999
10.822,-1.3516,-0.6075,0.0844,1.484
10.822,-1.3535,-0.6144,0.0899,1.489
10.822,-1.353,-0.6149,0.0913,1.489
10.822,-1.3531,-0.6144,0.0923,1.489
10.823,-1.3516,-0.6149,0.0899,1.4880000000000002
10.823,-1.3526,-0.6129,0.0894,1.4880000000000002
10.823,-1.3565,-0.6135,0.0884,1.4909999999999999
10.823,-1.3599,-0.6164,0.0859,1.496
10.823,-1.3637,-0.6238,0.0844,1.5019999999999998
10.824,-1.3695,-0.6342,0.082,1.511
10.824,-1.3761,-0.645,0.0805,1.5219999999999998
10.824,-1.3799,-0.6554,0.08,1.53
10.824,-1.3827,-0.6677,0.08,1.538
10.825,-1.3816,-0.6794,0.0805,1.5419999999999998
10.825,-1.383,-0.6887,0.0848,1.547
10.825,-1.384,-0.6936,0.0903,1.551
10.825,-1.3825,-0.6986,0.0977,1.5519999999999998
10.825,-1.3806,-0.6995,0.1065,1.551
10.826,-1.3792,-0.7005,0.1138,1.551
10.826,-1.3769,-0.697,0.1245,1.548
10.826,-1.3732,-0.6926,0.1328,1.544
10.826,-1.3664,-0.6886,0.1392,1.536
10.827,-1.3646,-0.6852,0.1441,1.534
10.827,-1.3582,-0.6798,0.1466,1.526
10.827,-1.3505,-0.6762,0.1505,1.518
10.827,-1.3452,-0.6718,0.1529,1.511
10.827,-1.3375,-0.6663,0.1558,1.5019999999999998
10.828,-1.3268,-0.6603,0.1583,1.49
10.828,-1.3176,-0.6582,0.1617,1.482
10.828,-1.3069,-0.6556,0.1662,1.472
10.828,-1.2977,-0.6541,0.1696,1.463
10.829,-1.289,-0.651,0.1745,1.455
10.829,-1.2792,-0.6484,0.1774,1.445
10.829,-1.2691,-0.6493,0.1847,1.4369999999999998
10.829,-1.2588,-0.6487,0.1896,1.429
10.829,-1.2505,-0.6506,0.1941,1.423
10.83,-1.2412,-0.652,0.1984,1.416
10.83,-1.2324,-0.6538,0.2044,1.41
10.83,-1.2266,-0.6587,0.2083,1.4080000000000001
10.83,-1.2216,-0.6675,0.2122,1.4080000000000001
10.83,-1.2162,-0.6733,0.2161,1.4069999999999998
10.831,-1.2127,-0.6826,0.221,1.409
10.831,-1.2087,-0.6928,0.2254,1.411
10.831,-1.2058,-0.7045,0.2332,1.416
10.831,-1.2051,-0.7183,0.239,1.423
10.832,-1.2055,-0.733,0.2449,1.432
10.832,-1.2054,-0.7476,0.2508,1.44
10.832,-1.2053,-0.7643,0.2581,1.45
10.833,-1.2047,-0.7796,0.263,1.459
10.833,-1.2011,-0.7962,0.2718,1.466
10.833,-1.2005,-0.8114,0.2771,1.475
10.833,-1.199,-0.825,0.284,1.483
10.833,-1.1984,-0.8393,0.2908,1.492
10.834,-1.1964,-0.8535,0.3006,1.5
10.834,-1.1909,-0.8656,0.3069,1.504
10.834,-1.1879,-0.8794,0.3128,1.511
10.834,-1.1843,-0.8921,0.3172,1.516
10.834,-1.1769,-0.9018,0.3226,1.517
10.835,-1.1724,-0.912,0.3241,1.52
10.835,-1.166,-0.9193,0.3265,1.52
10.835,-1.1586,-0.9295,0.3265,1.521
10.835,-1.1512,-0.9388,0.329,1.521
10.835,-1.1428,-0.946,0.3338,1.521
10.836,-1.1325,-0.9518,0.3358,1.517
10.836,-1.1231,-0.9565,0.3373,1.5130000000000001
10.843,-1.1109,-0.9579,0.3388,1.505
10.843,-1.1011,-0.9597,0.3422,1.5
10.843,-1.0909,-0.9611,0.3422,1.494
10.845,-1.0781,-0.9643,0.3442,1.4869999999999999
10.847,-1.0679,-0.9657,0.3476,1.4809999999999999
10.852,-1.06,-0.9681,0.349,1.4769999999999999
10.853,-1.0517,-0.9675,0.351,1.472
10.854,-1.0439,-0.9679,0.3505,1.466
10.867,-1.0376,-0.9673,0.3481,1.4609999999999999
10.868,-1.0317,-0.9663,0.3471,1.456
10.868,-1.0249,-0.9642,0.3432,1.4480000000000002
10.868,-1.0176,-0.9612,0.3403,1.4409999999999998
10.868,-1.0116,-0.9591,0.3324,1.433
10.869,-1.0071,-0.9571,0.3266,1.4269999999999998
10.871,-1.0017,-0.9561,0.3222,1.422
10.874,-0.9983,-0.9546,0.3158,1.4169999999999998
10.876,-0.9953,-0.9521,0.3104,1.412
10.879,-0.9928,-0.9491,0.3075,1.4080000000000001
10.881,-0.9889,-0.9452,0.3036,1.401
10.884,-0.9856,-0.9397,0.3011,1.395
10.886,-0.9831,-0.9348,0.2967,1.389
10.89,-0.9812,-0.9279,0.2928,1.382
10.891,-0.9798,-0.922,0.2884,1.376
10.894,-0.9803,-0.919,0.2835,1.3730000000000002
10.896,-0.9774,-0.9131,0.2796,1.3659999999999999
10.898,-0.975,-0.9068,0.2738,1.359
10.901,-0.9706,-0.8979,0.2704,1.35
10.904,-0.9687,-0.892,0.267,1.344
10.907,-0.9281,-0.8777,0.2431,1.3
10.909,-0.5134,-0.8151,0.2218,0.9890000000000001
10.911,-1.0207,-0.9121,0.2494,1.391
10.913,-1.0896,-0.984,0.3378,1.507
10.916,-1.0391,-0.9648,0.3021,1.45
10.918,-0.995,-0.8829,0.2503,1.354
10.92,-0.9384,-0.8195,0.2323,1.2670000000000001
10.923,-0.9099,-0.7795,0.2221,1.219
10.926,-0.9081,-0.7677,0.2157,1.208
10.928,-0.9211,-0.7811,0.2138,1.226
10.934,-0.9341,-0.7949,0.2089,1.244
10.935,-0.9408,-0.8043,0.2089,1.255
10.935,-0.9427,-0.8078,0.2103,1.2590000000000001
10.938,-0.9418,-0.8043,0.2128,1.2570000000000001
10.94,-0.9399,-0.7945,0.2084,1.248
10.945,-0.9361,-0.7847,0.2006,1.238
10.945,-0.9308,-0.7738,0.1971,1.226
10.948,-0.925,-0.7654,0.1961,1.217
10.95,-0.9217,-0.757,0.1976,1.209
10.952,-0.9207,-0.7531,0.1986,1.206
10.955,-0.9193,-0.7492,0.1961,1.202
10.957,-0.9184,-0.7457,0.1932,1.199
10.96,-0.9204,-0.7423,0.1932,1.198
10.962,-0.9184,-0.7418,0.1912,1.196
10.966,-0.9204,-0.7394,0.1903,1.196
10.967,-0.9204,-0.7379,0.1888,1.195
10.97,-0.9209,-0.736,0.1903,1.194
10.972,-0.9204,-0.737,0.1898,1.194
10.975,-0.92,-0.7365,0.1927,1.194
10.977,-0.9195,-0.7349,0.1942,1.193
10.979,-0.919,-0.7349,0.1981,1.193
10.982,-0.9176,-0.7349,0.2001,1.193
10.984,-0.9195,-0.7345,0.1986,1.194
10.988,-0.9205,-0.733,0.1995,1.194
10.989,-0.9205,-0.7335,0.1971,1.193
10.992,-0.9205,-0.7311,0.1966,1.192
10.994,-0.921,-0.7296,0.1912,1.19
10.997,-0.9205,-0.7271,0.1883,1.188
10.999,-0.9214,-0.7276,0.1839,1.188
11.001,-0.9233,-0.7282,0.1805,1.19
11.004,-0.9228,-0.7281,0.1771,1.189
11.006,-0.9218,-0.7271,0.1722,1.187
11.009,-0.9223,-0.7247,0.1707,1.185
11.011,-0.9213,-0.7232,0.1678,1.183
11.014,-0.9213,-0.7227,0.1649,1.183
11.016,-0.9213,-0.7218,0.1663,1.182
11.019,-0.9218,-0.7227,0.1644,1.183
11.021,-0.9237,-0.7222,0.1634,1.1840000000000002
11.024,-0.9257,-0.7232,0.1644,1.186
11.026,-0.9262,-0.7222,0.1639,1.186
11.029,-0.9286,-0.7243,0.1644,1.189
11.031,-0.9296,-0.7208,0.1649,1.188
11.033,-0.9301,-0.7194,0.1629,1.187
11.036,-0.9291,-0.7189,0.1624,1.186
11.038,-0.9292,-0.7169,0.1639,1.185
