time,wx (rad/s),wy (rad/s),wz (rad/s)
4.904,0.03,0.29,-1.56
4.908,0.05,0.28,-1.53
4.909,0.07,0.28,-1.51
4.913,0.1,0.28,-1.48
4.914,0.12,0.27,-1.45
4.916,0.14,0.27,-1.42
4.919,0.16,0.27,-1.39
4.922,0.19,0.27,-1.36
4.9239999999999995,0.21,0.26,-1.33
4.927,0.23,0.26,-1.29
4.928999999999999,0.25,0.26,-1.26
4.931,0.27,0.27,-1.22
4.934,0.3,0.27,-1.19
4.936,0.32,0.28,-1.16
4.939,0.34,0.29,-1.13
4.941,0.36,0.3,-1.09
4.9430000000000005,0.39,0.31,-1.06
4.948,0.41,0.32,-1.03
4.949,0.44,0.34,-1.0
4.9510000000000005,0.46,0.35,-0.96
4.953,0.49,0.37,-0.93
4.956,0.51,0.39,-0.9
4.962,0.54,0.41,-0.87
4.962,0.57,0.43,-0.83
4.9639999999999995,0.59,0.45,-0.8
4.965,0.62,0.47,-0.77
4.968,0.65,0.49,-0.74
4.971,0.67,0.51,-0.71
4.973,0.7,0.53,-0.68
4.975,0.72,0.55,-0.64
4.978,0.75,0.57,-0.61
4.98,0.77,0.59,-0.57
4.9830000000000005,0.79,0.61,-0.54
4.985,0.81,0.63,-0.5
4.988,0.83,0.64,-0.46
4.9910000000000005,0.84,0.66,-0.42
4.993,0.85,0.68,-0.38
4.995,0.87,0.69,-0.34
4.997,0.88,0.71,-0.3
5.0,0.88,0.72,-0.26
5.003,0.89,0.73,-0.21
5.005,0.89,0.75,-0.17
5.007,0.9,0.76,-0.12
5.01,0.9,0.77,-0.07
5.012,0.9,0.78,-0.02
5.015,0.9,0.79,0.03
5.0169999999999995,0.9,0.8,0.08
5.02,0.91,0.81,0.13
5.022,0.9,0.82,0.18
5.025,0.91,0.82,0.23
5.0280000000000005,0.9,0.83,0.28
5.029,0.9,0.83,0.33
5.032,0.9,0.83,0.38
5.034,0.9,0.83,0.42
5.037,0.89,0.83,0.46
5.039,0.89,0.82,0.5
5.042,0.88,0.82,0.54
5.044,0.88,0.81,0.58
5.047,0.87,0.8,0.61
5.05,0.87,0.8,0.64
5.052,0.86,0.79,0.68
5.053999999999999,0.85,0.78,0.71
5.056,0.84,0.77,0.74
5.066,0.84,0.76,0.77
5.066,0.83,0.75,0.8
5.067,0.83,0.74,0.83
5.067,0.82,0.73,0.86
5.069,0.82,0.72,0.89
5.072,0.81,0.71,0.91
5.074,0.81,0.69,0.94
5.0760000000000005,0.81,0.68,0.96
5.079,0.81,0.66,0.99
5.081,0.81,0.64,1.01
5.083,0.81,0.63,1.04
5.086,0.81,0.61,1.06
5.088,0.81,0.59,1.09
5.092,0.82,0.58,1.12
5.093,0.81,0.56,1.15
5.096,0.81,0.55,1.19
5.098,0.81,0.54,1.22
5.101,0.8,0.54,1.26
5.103,0.8,0.53,1.3
5.106,0.79,0.52,1.34
5.1080000000000005,0.78,0.52,1.38
5.11,0.76,0.51,1.43
5.113,0.75,0.51,1.47
5.115,0.73,0.51,1.51
5.118,0.71,0.52,1.55
5.12,0.69,0.52,1.59
5.122999999999999,0.68,0.53,1.62
5.126,0.66,0.53,1.66
5.127999999999999,0.64,0.54,1.7
5.13,0.63,0.55,1.73
5.132000000000001,0.62,0.56,1.76
5.135,0.61,0.58,1.79
5.138,0.6,0.6,1.82
5.14,0.6,0.62,1.84
5.142,0.61,0.64,1.87
5.145,0.62,0.66,1.88
5.15,0.63,0.68,1.9
5.15,0.65,0.7,1.91
5.152,0.68,0.72,1.92
5.155,0.71,0.74,1.92
5.157,0.74,0.76,1.92
5.16,0.78,0.78,1.92
5.162000000000001,0.82,0.8,1.92
5.164,0.87,0.82,1.92
5.167000000000001,0.91,0.84,1.92
5.171,0.97,0.86,1.91
5.172000000000001,1.01,0.87,1.91
5.1739999999999995,1.06,0.89,1.91
5.1770000000000005,1.11,0.9,1.91
5.178999999999999,1.16,0.92,1.9
5.182,1.2,0.94,1.91
5.184,1.23,0.96,1.91
5.187,1.27,0.97,1.91
5.189,1.29,0.99,1.92
5.191,1.31,1.01,1.92
5.194,1.33,1.03,1.93
5.196000000000001,1.34,1.05,1.94
5.199,1.35,1.07,1.95
5.2010000000000005,1.36,1.09,1.97
5.212999999999999,1.36,1.11,1.98
5.212999999999999,1.36,1.12,2.0
5.212999999999999,1.35,1.14,2.02
5.212999999999999,1.34,1.15,2.03
5.2139999999999995,1.33,1.17,2.05
5.2170000000000005,1.31,1.18,2.07
5.218999999999999,1.3,1.18,2.08
5.221,1.28,1.19,2.1
5.223,1.25,1.2,2.12
5.226,1.23,1.2,2.14
5.228,1.21,1.2,2.16
5.231,1.19,1.21,2.18
5.233,1.17,1.21,2.21
5.236000000000001,1.14,1.2,2.23
5.239,1.12,1.2,2.25
5.24,1.1,1.19,2.28
5.242999999999999,1.07,1.18,2.3
5.245,1.05,1.18,2.33
5.249,1.03,1.17,2.35
5.25,1.01,1.16,2.38
5.252999999999999,0.99,1.16,2.41
5.255,0.96,1.15,2.44
5.257000000000001,0.94,1.15,2.47
5.26,0.91,1.14,2.5
5.263,0.88,1.14,2.53
5.265,0.85,1.13,2.57
5.269,0.82,1.12,2.6
5.271,0.79,1.11,2.63
5.273,0.75,1.1,2.65
5.275,0.72,1.08,2.68
5.277,0.67,1.07,2.7
5.28,0.63,1.04,2.72
5.282,0.59,1.02,2.74
5.285,0.55,0.99,2.75
5.287000000000001,0.5,0.96,2.76
5.289,0.46,0.92,2.77
5.292000000000001,0.41,0.89,2.77
5.295,0.36,0.85,2.77
5.297000000000001,0.32,0.82,2.78
5.2989999999999995,0.27,0.78,2.78
5.3020000000000005,0.22,0.74,2.77
5.305,0.17,0.7,2.77
5.308,0.12,0.66,2.77
5.309,0.07,0.62,2.77
5.312,0.02,0.58,2.77
5.314,-0.03,0.55,2.77
5.317,-0.08,0.51,2.78
5.319,-0.12,0.48,2.79
5.322,-0.17,0.44,2.79
5.324,-0.22,0.41,2.8
5.327999999999999,-0.27,0.38,2.81
5.329,-0.32,0.35,2.82
5.331,-0.36,0.33,2.82
5.334,-0.4,0.3,2.83
5.336,-0.45,0.27,2.83
5.3389999999999995,-0.49,0.25,2.84
5.341,-0.53,0.22,2.84
5.343,-0.57,0.2,2.84
5.346,-0.61,0.17,2.84
5.349,-0.64,0.15,2.84
5.352,-0.67,0.12,2.84
5.353,-0.7,0.09,2.83
5.356,-0.73,0.07,2.83
5.358,-0.76,0.04,2.83
5.361000000000001,-0.79,0.01,2.82
5.3629999999999995,-0.81,-0.01,2.82
5.365,-0.83,-0.04,2.81
5.367999999999999,-0.85,-0.06,2.8
5.371,-0.87,-0.09,2.8
5.372999999999999,-0.89,-0.11,2.79
5.375,-0.91,-0.14,2.78
5.377999999999999,-0.92,-0.16,2.77
5.38,-0.93,-0.19,2.76
5.382999999999999,-0.94,-0.21,2.76
5.385,-0.95,-0.23,2.75
5.388,-0.96,-0.25,2.74
5.39,-0.96,-0.27,2.73
5.393,-0.97,-0.29,2.72
5.395,-0.97,-0.31,2.71
5.397,-0.97,-0.33,2.7
5.4,-0.97,-0.35,2.69
5.402,-0.96,-0.36,2.68
5.405,-0.96,-0.38,2.67
5.407,-0.95,-0.4,2.66
5.41,-0.94,-0.41,2.64
5.412000000000001,-0.93,-0.43,2.63
5.415,-0.92,-0.44,2.62
5.417000000000001,-0.91,-0.45,2.6
5.42,-0.9,-0.46,2.59
5.422000000000001,-0.89,-0.47,2.57
5.4239999999999995,-0.88,-0.47,2.56
5.43,-0.87,-0.48,2.54
5.431,-0.86,-0.48,2.52
5.432,-0.85,-0.48,2.5
5.434,-0.84,-0.49,2.48
5.437,-0.82,-0.49,2.46
5.44,-0.81,-0.49,2.44
5.442,-0.8,-0.49,2.42
5.444,-0.79,-0.49,2.4
5.447,-0.78,-0.49,2.38
5.449,-0.76,-0.49,2.36
5.452000000000001,-0.75,-0.49,2.34
5.454,-0.74,-0.49,2.32
5.456,-0.73,-0.48,2.29
5.459,-0.72,-0.48,2.27
5.461,-0.71,-0.48,2.25
5.4639999999999995,-0.7,-0.49,2.22
5.466,-0.7,-0.49,2.2
5.468999999999999,-0.69,-0.49,2.17
5.471,-0.68,-0.5,2.15
5.474,-0.68,-0.5,2.12
5.476,-0.67,-0.5,2.09
5.478,-0.66,-0.49,2.06
5.481,-0.65,-0.49,2.03
5.484,-0.64,-0.48,1.99
5.486000000000001,-0.62,-0.47,1.96
5.4879999999999995,-0.61,-0.46,1.92
5.4910000000000005,-0.59,-0.44,1.89
5.492999999999999,-0.57,-0.43,1.86
5.496,-0.55,-0.41,1.82
5.497999999999999,-0.53,-0.39,1.78
5.501,-0.51,-0.37,1.74
5.502999999999999,-0.49,-0.36,1.7
5.506,-0.46,-0.34,1.66
5.507999999999999,-0.44,-0.33,1.62
5.51,-0.41,-0.32,1.57
5.513,-0.38,-0.31,1.52
5.515,-0.35,-0.3,1.47
5.518,-0.32,-0.3,1.41
5.521,-0.28,-0.29,1.35
5.523,-0.24,-0.29,1.29
5.525,-0.2,-0.29,1.22
5.528,-0.16,-0.29,1.16
5.53,-0.12,-0.28,1.09
5.532,-0.07,-0.28,1.02
5.535,-0.03,-0.28,0.95
5.537000000000001,0.02,-0.28,0.88
5.54,0.07,-0.28,0.81
5.542000000000001,0.12,-0.29,0.74
5.545,0.17,-0.29,0.67
5.547999999999999,0.22,-0.3,0.6
5.55,0.27,-0.31,0.54
5.5520000000000005,0.31,-0.32,0.46
5.555,0.35,-0.33,0.4
5.557,0.39,-0.33,0.33
5.56,0.42,-0.34,0.27
5.563,0.45,-0.34,0.21
5.564,0.48,-0.34,0.14
5.567,0.51,-0.34,0.08
5.569,0.52,-0.33,0.02
5.572,0.54,-0.32,-0.03
5.574,0.55,-0.31,-0.09
5.577000000000001,0.55,-0.3,-0.14
5.58,0.56,-0.29,-0.19
5.581,0.56,-0.28,-0.24
5.587000000000001,0.56,-0.27,-0.28
5.587999999999999,0.56,-0.26,-0.33
5.5889999999999995,0.56,-0.25,-0.37
5.591,0.55,-0.24,-0.41
5.593999999999999,0.55,-0.24,-0.45
5.598,0.54,-0.24,-0.49
5.599,0.53,-0.24,-0.53
5.601,0.52,-0.23,-0.56
5.603,0.5,-0.23,-0.6
5.607,0.49,-0.22,-0.63
5.609,0.47,-0.22,-0.67
5.611000000000001,0.45,-0.21,-0.71
5.6129999999999995,0.43,-0.21,-0.74
5.6160000000000005,0.41,-0.2,-0.78
5.617999999999999,0.39,-0.19,-0.82
5.621,0.37,-0.18,-0.86
5.622999999999999,0.34,-0.17,-0.9
5.626,0.32,-0.17,-0.94
5.627999999999999,0.3,-0.16,-0.98
5.631,0.27,-0.16,-1.02
5.632999999999999,0.25,-0.17,-1.07
5.635,0.23,-0.17,-1.12
5.638,0.21,-0.18,-1.17
5.709,0.19,-0.19,-1.22
5.71,0.17,-0.2,-1.27
5.71,0.15,-0.22,-1.32
5.71,0.13,-0.23,-1.37
5.71,0.12,-0.25,-1.42
5.71,0.11,-0.26,-1.47
5.711,0.09,-0.28,-1.52
5.711,0.08,-0.29,-1.56
5.711,0.07,-0.31,-1.61
5.711,0.06,-0.32,-1.65
5.711,0.05,-0.33,-1.69
5.712000000000001,0.04,-0.34,-1.73
5.712000000000001,0.03,-0.36,-1.76
5.712000000000001,0.02,-0.36,-1.79
5.712000000000001,0.01,-0.37,-1.82
5.712999999999999,-0.0,-0.37,-1.85
5.712999999999999,-0.02,-0.38,-1.88
5.712999999999999,-0.03,-0.38,-1.91
5.712999999999999,-0.05,-0.38,-1.93
5.712999999999999,-0.07,-0.38,-1.95
5.712999999999999,-0.09,-0.38,-1.97
5.7139999999999995,-0.12,-0.38,-2.0
5.7139999999999995,-0.14,-0.37,-2.03
5.7139999999999995,-0.16,-0.37,-2.05
5.7139999999999995,-0.18,-0.36,-2.08
5.7139999999999995,-0.21,-0.36,-2.12
5.7139999999999995,-0.24,-0.35,-2.15
5.715,-0.26,-0.34,-2.19
5.715,-0.28,-0.33,-2.23
5.715,-0.31,-0.32,-2.27
5.715,-0.32,-0.3,-2.32
5.7170000000000005,-0.34,-0.29,-2.37
5.721,-0.36,-0.28,-2.42
5.723,-0.38,-0.27,-2.47
5.724,-0.39,-0.26,-2.53
5.726,-0.41,-0.24,-2.58
5.729,-0.42,-0.23,-2.63
5.733,-0.43,-0.21,-2.68
5.734,-0.43,-0.18,-2.74
5.736000000000001,-0.44,-0.16,-2.79
5.739,-0.44,-0.13,-2.84
5.7410000000000005,-0.44,-0.1,-2.89
5.746,-0.43,-0.08,-2.94
5.747000000000001,-0.43,-0.05,-2.98
5.747999999999999,-0.42,-0.02,-3.02
5.751,-0.41,0.01,-3.06
5.752999999999999,-0.39,0.02,-3.1
5.756,-0.38,0.04,-3.14
5.757999999999999,-0.36,0.06,-3.17
5.761,-0.34,0.08,-3.19
5.765,-0.32,0.1,-3.22
5.766,-0.31,0.12,-3.23
5.768,-0.29,0.13,-3.25
5.77,-0.27,0.15,-3.26
5.773,-0.26,0.16,-3.27
5.776,-0.24,0.18,-3.27
5.778,-0.23,0.19,-3.27
5.78,-0.22,0.2,-3.26
5.7829999999999995,-0.22,0.21,-3.25
5.7860000000000005,-0.22,0.21,-3.23
5.787999999999999,-0.22,0.22,-3.22
5.79,-0.23,0.23,-3.2
5.792000000000001,-0.24,0.23,-3.17
5.795,-0.25,0.24,-3.15
5.797999999999999,-0.27,0.24,-3.13
5.8,-0.29,0.24,-3.1
5.8020000000000005,-0.31,0.24,-3.08
5.805,-0.34,0.24,-3.05
5.807,-0.37,0.23,-3.03
5.81,-0.4,0.23,-3.0
5.812,-0.43,0.23,-2.98
5.815,-0.46,0.22,-2.96
5.817,-0.49,0.21,-2.94
5.82,-0.52,0.21,-2.92
5.822,-0.55,0.21,-2.9
5.824,-0.58,0.2,-2.88
5.827999999999999,-0.61,0.2,-2.87
5.829,-0.64,0.2,-2.85
5.832000000000001,-0.67,0.2,-2.84
5.834,-0.7,0.21,-2.83
5.837000000000001,-0.73,0.21,-2.82
5.8389999999999995,-0.75,0.22,-2.81
5.845,-0.77,0.23,-2.81
5.847,-0.79,0.24,-2.8
5.847,-0.81,0.25,-2.8
5.849,-0.83,0.26,-2.8
5.852,-0.84,0.26,-2.81
5.857,-0.85,0.27,-2.81
5.858,-0.86,0.27,-2.82
5.859,-0.86,0.27,-2.83
5.861000000000001,-0.86,0.26,-2.85
5.865,-0.86,0.25,-2.86
5.8660000000000005,-0.86,0.24,-2.88
5.869,-0.86,0.22,-2.9
5.871,-0.86,0.21,-2.92
5.872999999999999,-0.85,0.18,-2.93
5.876,-0.85,0.16,-2.94
5.879,-0.85,0.13,-2.96
5.881,-0.84,0.11,-2.97
5.882999999999999,-0.84,0.08,-2.97
5.888,-0.83,0.05,-2.98
5.888999999999999,-0.83,0.03,-2.98
5.891,-0.83,0.0,-2.97
5.893,-0.83,-0.03,-2.97
5.896,-0.83,-0.05,-2.95
5.899,-0.83,-0.08,-2.94
5.901,-0.83,-0.1,-2.92
5.903,-0.84,-0.12,-2.9
5.905,-0.84,-0.14,-2.88
5.909,-0.85,-0.16,-2.86
5.91,-0.85,-0.18,-2.83
5.912999999999999,-0.85,-0.2,-2.81
5.915,-0.85,-0.22,-2.78
5.917999999999999,-0.86,-0.24,-2.75
5.921,-0.86,-0.26,-2.72
5.922999999999999,-0.85,-0.28,-2.68
5.925,-0.85,-0.31,-2.65
5.9270000000000005,-0.85,-0.33,-2.62
5.93,-0.85,-0.35,-2.58
5.933,-0.84,-0.37,-2.55
5.935,-0.83,-0.38,-2.51
5.937,-0.83,-0.39,-2.47
5.94,-0.82,-0.4,-2.43
5.943,-0.81,-0.41,-2.4
5.945,-0.8,-0.42,-2.36
5.9479999999999995,-0.79,-0.42,-2.32
5.95,-0.78,-0.42,-2.28
5.952000000000001,-0.78,-0.42,-2.24
5.955,-0.76,-0.42,-2.2
5.957000000000001,-0.75,-0.42,-2.16
5.96,-0.75,-0.42,-2.13
5.962000000000001,-0.74,-0.41,-2.09
5.9639999999999995,-0.73,-0.41,-2.06
5.968,-0.72,-0.4,-2.03
5.97,-0.71,-0.4,-2.0
5.972,-0.71,-0.39,-1.97
5.974,-0.7,-0.38,-1.95
5.977,-0.69,-0.37,-1.93
5.979,-0.68,-0.36,-1.91
5.981,-0.66,-0.34,-1.89
5.984,-0.65,-0.33,-1.87
5.9879999999999995,-0.63,-0.31,-1.86
5.989,-0.61,-0.29,-1.85
5.992000000000001,-0.6,-0.27,-1.83
5.994,-0.57,-0.25,-1.82
5.996,-0.55,-0.24,-1.82
5.999,-0.52,-0.22,-1.81
6.001,-0.49,-0.21,-1.8
6.004,-0.46,-0.2,-1.79
6.006,-0.43,-0.2,-1.78
6.0089999999999995,-0.42,-0.23,-1.76
6.011,-0.41,-0.25,-1.74
6.013,-0.39,-0.25,-1.72
6.016,-0.37,-0.24,-1.7
6.018,-0.36,-0.23,-1.69
6.021,-0.33,-0.2,-1.68
6.023,-0.3,-0.18,-1.67
6.026,-0.27,-0.15,-1.66
6.028,-0.23,-0.11,-1.65
6.031000000000001,-0.19,-0.09,-1.64
6.0329999999999995,-0.15,-0.07,-1.63
6.0360000000000005,-0.1,-0.06,-1.62
6.037999999999999,-0.05,-0.06,-1.6
6.04,-0.0,-0.07,-1.58
6.044,0.04,-0.08,-1.55
6.045,0.09,-0.09,-1.52
6.047999999999999,0.14,-0.11,-1.48
6.05,0.18,-0.12,-1.45
6.053,0.23,-0.13,-1.41
6.055,0.26,-0.13,-1.37
6.058,0.3,-0.12,-1.34
6.06,0.34,-0.11,-1.3
6.062,0.37,-0.1,-1.26
6.065,0.4,-0.08,-1.22
6.068,0.44,-0.06,-1.18
6.07,0.46,-0.03,-1.14
6.072,0.49,-0.01,-1.11
6.075,0.52,0.02,-1.07
6.077999999999999,0.55,0.04,-1.03
6.08,0.57,0.06,-1.0
6.082000000000001,0.59,0.08,-0.97
6.084,0.62,0.1,-0.93
6.087000000000001,0.64,0.11,-0.89
6.09,0.66,0.12,-0.86
6.093999999999999,0.67,0.13,-0.83
6.093999999999999,0.69,0.15,-0.79
6.097,0.7,0.15,-0.76
6.102,0.71,0.16,-0.73
6.102,0.72,0.17,-0.7
6.104,0.72,0.18,-0.67
6.108,0.73,0.19,-0.65
6.109,0.73,0.2,-0.62
6.112,0.73,0.21,-0.59
6.114,0.72,0.22,-0.56
6.1160000000000005,0.71,0.23,-0.53
6.119,0.7,0.24,-0.5
6.121,0.69,0.25,-0.47
6.124,0.68,0.26,-0.43
6.126,0.67,0.27,-0.4
6.129,0.65,0.27,-0.36
6.131,0.63,0.28,-0.32
6.1339999999999995,0.61,0.28,-0.28
6.136,0.59,0.28,-0.24
6.138999999999999,0.58,0.28,-0.19
6.141,0.56,0.27,-0.15
6.143,0.54,0.27,-0.1
6.146,0.52,0.26,-0.06
6.148,0.5,0.26,-0.02
6.151,0.48,0.25,0.03
6.153,0.46,0.24,0.06
6.156000000000001,0.44,0.24,0.11
6.1579999999999995,0.42,0.23,0.14
6.1610000000000005,0.41,0.23,0.18
6.162999999999999,0.39,0.23,0.22
6.165,0.38,0.22,0.26
6.167999999999999,0.37,0.22,0.29
6.17,0.36,0.22,0.33
6.172999999999999,0.35,0.22,0.37
6.175,0.34,0.23,0.41
6.178999999999999,0.33,0.23,0.45
6.18,0.32,0.24,0.49
6.183,0.32,0.26,0.53
6.185,0.31,0.27,0.58
6.188,0.31,0.29,0.62
6.19,0.31,0.31,0.67
6.193,0.31,0.33,0.71
6.195,0.31,0.36,0.75
6.1979999999999995,0.31,0.39,0.78
6.2010000000000005,0.31,0.43,0.82
6.202000000000001,0.32,0.46,0.84
6.205,0.33,0.49,0.87
6.207000000000001,0.34,0.52,0.89
6.21,0.36,0.55,0.91
6.212000000000001,0.38,0.58,0.93
6.215,0.4,0.6,0.94
6.2170000000000005,0.42,0.62,0.95
6.218999999999999,0.45,0.63,0.96
6.224,0.47,0.64,0.98
6.225,0.5,0.63,0.99
6.228,0.52,0.63,1.0
6.229,0.55,0.61,1.02
6.232,0.56,0.6,1.04
6.234,0.58,0.58,1.06
6.237,0.6,0.57,1.09
6.239,0.6,0.55,1.12
6.2410000000000005,0.6,0.53,1.15
6.244,0.6,0.52,1.19
6.247999999999999,0.59,0.51,1.24
6.25,0.57,0.5,1.28
6.252000000000001,0.55,0.5,1.33
6.254,0.53,0.5,1.38
6.2589999999999995,0.5,0.5,1.43
6.2589999999999995,0.47,0.49,1.48
6.261,0.43,0.49,1.54
6.263999999999999,0.39,0.49,1.59
6.266,0.36,0.49,1.64
6.269,0.33,0.48,1.69
6.271,0.3,0.48,1.75
6.274,0.27,0.47,1.8
6.276,0.24,0.46,1.85
6.28,0.22,0.46,1.9
6.281000000000001,0.21,0.45,1.94
6.2829999999999995,0.2,0.45,1.99
6.2860000000000005,0.19,0.45,2.04
6.287999999999999,0.19,0.44,2.08
6.291,0.19,0.44,2.12
6.292999999999999,0.2,0.45,2.15
6.296,0.2,0.45,2.18
6.3,0.22,0.46,2.21
6.3020000000000005,0.23,0.47,2.24
6.303,0.25,0.49,2.27
6.305,0.27,0.5,2.29
6.308,0.29,0.52,2.31
6.31,0.31,0.54,2.32
6.313,0.33,0.56,2.34
6.315,0.35,0.58,2.35
6.318,0.37,0.6,2.36
6.32,0.39,0.62,2.37
6.3229999999999995,0.41,0.65,2.38
6.325,0.43,0.67,2.38
6.327999999999999,0.44,0.7,2.38
6.33,0.46,0.73,2.38
6.332000000000001,0.47,0.76,2.38
6.336,0.49,0.78,2.37
6.337000000000001,0.5,0.81,2.37
6.34,0.52,0.84,2.36
6.3420000000000005,0.53,0.86,2.36
6.345,0.54,0.88,2.35
6.348,0.55,0.9,2.35
6.35,0.56,0.92,2.35
6.352,0.56,0.94,2.35
6.354,0.57,0.95,2.35
6.358,0.58,0.96,2.34
6.359,0.58,0.97,2.34
6.362,0.59,0.99,2.35
6.364,0.59,1.01,2.35
6.367000000000001,0.58,1.04,2.38
6.369,0.58,1.06,2.41
6.372000000000001,0.57,1.08,2.45
6.374,0.56,1.09,2.49
6.456,0.54,1.1,2.53
6.456,0.52,1.11,2.57
6.456,0.51,1.11,2.61
6.456,0.49,1.12,2.64
6.457000000000001,0.47,1.11,2.66
6.457000000000001,0.45,1.11,2.68
6.457000000000001,0.43,1.1,2.71
6.457000000000001,0.42,1.1,2.73
6.457000000000001,0.4,1.09,2.76
6.457999999999999,0.38,1.08,2.79
6.457999999999999,0.36,1.07,2.82
6.457999999999999,0.34,1.06,2.84
6.459,0.33,1.04,2.87
6.459,0.31,1.03,2.9
6.459,0.3,1.01,2.92
6.459,0.28,0.98,2.95
6.459,0.26,0.96,2.97
6.46,0.24,0.93,2.99
6.46,0.22,0.9,3.01
6.46,0.2,0.87,3.03
6.46,0.18,0.84,3.05
6.46,0.17,0.81,3.07
6.46,0.15,0.77,3.08
6.461,0.13,0.73,3.09
6.461,0.11,0.69,3.09
6.461,0.1,0.65,3.09
6.461,0.08,0.61,3.1
6.461,0.06,0.57,3.09
6.462000000000001,0.04,0.52,3.09
6.462000000000001,0.03,0.48,3.08
6.462000000000001,0.01,0.43,3.08
6.462000000000001,-0.01,0.38,3.07
6.462000000000001,-0.02,0.34,3.06
6.462999999999999,-0.04,0.29,3.06
6.462999999999999,-0.06,0.24,3.05
6.462999999999999,-0.08,0.2,3.05
6.466,-0.09,0.16,3.04
6.468999999999999,-0.11,0.11,3.04
6.48,-0.13,0.07,3.03
6.48,-0.15,0.03,3.03
6.481,-0.17,-0.01,3.03
6.481,-0.19,-0.05,3.03
6.481,-0.21,-0.08,3.03
6.482,-0.23,-0.12,3.03
6.485,-0.26,-0.15,3.02
6.487,-0.28,-0.18,3.02
6.489,-0.3,-0.21,3.02
6.492000000000001,-0.32,-0.24,3.02
6.494,-0.34,-0.27,3.02
6.497000000000001,-0.36,-0.3,3.02
6.499,-0.38,-0.33,3.02
6.502000000000001,-0.4,-0.35,3.02
6.506,-0.42,-0.38,3.02
6.507999999999999,-0.44,-0.41,3.01
6.5089999999999995,-0.46,-0.43,3.01
6.5120000000000005,-0.47,-0.45,3.0
6.517,-0.49,-0.47,2.99
6.518,-0.5,-0.49,2.98
6.52,-0.52,-0.51,2.97
6.521,-0.53,-0.53,2.97
6.524,-0.54,-0.54,2.96
6.53,-0.56,-0.55,2.95
6.531000000000001,-0.57,-0.56,2.94
6.531000000000001,-0.58,-0.57,2.92
6.534,-0.59,-0.58,2.91
6.537000000000001,-0.6,-0.58,2.91
6.539,-0.6,-0.59,2.89
6.541,-0.61,-0.59,2.88
6.542999999999999,-0.62,-0.59,2.87
6.546,-0.62,-0.59,2.86
6.5489999999999995,-0.62,-0.59,2.85
6.551,-0.62,-0.59,2.83
6.553,-0.62,-0.59,2.82
6.556,-0.61,-0.59,2.81
6.56,-0.6,-0.59,2.79
6.561,-0.59,-0.59,2.77
6.563,-0.59,-0.59,2.75
6.565,-0.57,-0.59,2.73
6.568,-0.56,-0.58,2.71
6.571000000000001,-0.54,-0.58,2.7
6.5729999999999995,-0.53,-0.58,2.68
6.575,-0.51,-0.57,2.66
6.577999999999999,-0.49,-0.57,2.64
6.581,-0.47,-0.57,2.62
6.582999999999999,-0.45,-0.57,2.6
6.585,-0.43,-0.57,2.57
6.587999999999999,-0.41,-0.57,2.55
6.59,-0.39,-0.58,2.53
6.593,-0.36,-0.59,2.5
6.595,-0.34,-0.59,2.47
6.597,-0.32,-0.6,2.44
6.6,-0.3,-0.61,2.41
6.602,-0.28,-0.62,2.38
6.605,-0.26,-0.63,2.35
6.607,-0.24,-0.63,2.32
6.61,-0.22,-0.64,2.29
6.612,-0.2,-0.64,2.26
6.617999999999999,-0.19,-0.65,2.23
6.617999999999999,-0.17,-0.65,2.2
6.62,-0.16,-0.65,2.17
6.622999999999999,-0.15,-0.65,2.14
6.624,-0.14,-0.64,2.11
6.631,-0.12,-0.64,2.08
6.632000000000001,-0.11,-0.64,2.04
6.632000000000001,-0.11,-0.63,2.01
6.6339999999999995,-0.1,-0.62,1.97
6.6370000000000005,-0.09,-0.62,1.93
6.638999999999999,-0.08,-0.61,1.89
6.641,-0.07,-0.61,1.85
6.644,-0.07,-0.6,1.81
6.646,-0.06,-0.59,1.76
6.65,-0.06,-0.58,1.72
6.652,-0.06,-0.57,1.67
6.654,-0.05,-0.56,1.62
6.656000000000001,-0.05,-0.54,1.57
6.66,-0.04,-0.52,1.52
6.6610000000000005,-0.04,-0.5,1.46
6.664,-0.03,-0.48,1.41
6.666,-0.03,-0.47,1.35
6.669,-0.02,-0.45,1.29
6.671,-0.02,-0.42,1.23
6.6739999999999995,-0.01,-0.4,1.17
6.676,0.0,-0.39,1.11
6.678,0.01,-0.37,1.04
6.681,0.02,-0.35,0.98
6.683,0.03,-0.33,0.91
6.686,0.04,-0.31,0.84
6.688,0.05,-0.29,0.78
6.691,0.07,-0.28,0.72
6.693,0.08,-0.26,0.65
6.696000000000001,0.09,-0.24,0.58
6.6979999999999995,0.11,-0.22,0.52
6.7010000000000005,0.12,-0.21,0.45
6.702999999999999,0.14,-0.19,0.39
6.705,0.16,-0.18,0.33
6.707999999999999,0.17,-0.17,0.26
6.712000000000001,0.19,-0.15,0.2
6.712999999999999,0.21,-0.14,0.13
6.718999999999999,0.22,-0.13,0.08
6.718999999999999,0.24,-0.12,0.02
6.721,0.26,-0.1,-0.04
6.722,0.27,-0.1,-0.1
6.725,0.28,-0.09,-0.15
6.73,0.3,-0.09,-0.21
6.73,0.31,-0.09,-0.26
6.733,0.32,-0.08,-0.3
6.735,0.34,-0.08,-0.35
6.7379999999999995,0.35,-0.09,-0.4
6.74,0.36,-0.09,-0.45
6.742000000000001,0.36,-0.09,-0.49
6.745,0.37,-0.09,-0.54
6.747999999999999,0.38,-0.09,-0.58
6.75,0.38,-0.09,-0.62
6.752000000000001,0.38,-0.09,-0.66
6.754,0.38,-0.08,-0.7
6.757000000000001,0.39,-0.08,-0.75
6.7589999999999995,0.38,-0.08,-0.79
6.7620000000000005,0.38,-0.07,-0.83
6.763999999999999,0.38,-0.07,-0.88
6.767,0.38,-0.06,-0.92
6.77,0.37,-0.05,-0.96
6.773,0.37,-0.04,-1.01
6.774,0.37,-0.04,-1.05
6.777,0.37,-0.03,-1.09
6.779,0.37,-0.02,-1.14
6.781000000000001,0.38,-0.01,-1.18
6.784,0.38,-0.01,-1.23
6.787000000000001,0.39,-0.01,-1.27
6.789,0.39,-0.01,-1.32
6.791,0.4,-0.01,-1.36
6.795,0.41,-0.01,-1.41
6.796,0.42,-0.02,-1.45
6.7989999999999995,0.43,-0.02,-1.5
6.801,0.43,-0.03,-1.54
6.803,0.44,-0.03,-1.58
6.806,0.45,-0.04,-1.63
6.808,0.45,-0.04,-1.67
6.811,0.46,-0.04,-1.71
6.813,0.46,-0.04,-1.74
6.816,0.46,-0.04,-1.78
6.818,0.47,-0.04,-1.81
6.821000000000001,0.46,-0.04,-1.83
6.8229999999999995,0.46,-0.04,-1.86
6.8260000000000005,0.45,-0.04,-1.88
6.831,0.44,-0.04,-1.9
6.831,0.42,-0.03,-1.93
6.832999999999999,0.4,-0.03,-1.95
6.835,0.38,-0.03,-1.97
6.8389999999999995,0.36,-0.03,-2.0
6.843,0.33,-0.02,-2.03
6.843,0.3,-0.02,-2.06
6.845,0.27,-0.02,-2.09
6.848,0.23,-0.02,-2.13
6.85,0.2,-0.02,-2.17
6.853,0.16,-0.02,-2.2
6.855,0.12,-0.02,-2.24
6.857,0.08,-0.01,-2.29
6.86,0.05,-0.01,-2.33
6.862,0.01,-0.02,-2.37
6.865,-0.03,-0.02,-2.42
6.867999999999999,-0.06,-0.02,-2.46
6.87,-0.1,-0.03,-2.5
6.872999999999999,-0.13,-0.03,-2.54
6.875,-0.16,-0.05,-2.58
6.877000000000001,-0.18,-0.05,-2.61
6.88,-0.21,-0.06,-2.64
6.882000000000001,-0.23,-0.07,-2.66
6.885,-0.25,-0.07,-2.68
6.8870000000000005,-0.26,-0.08,-2.7
6.888999999999999,-0.28,-0.08,-2.71
6.892,-0.29,-0.08,-2.72
6.896,-0.3,-0.08,-2.72
6.897,-0.3,-0.08,-2.72
6.899,-0.31,-0.07,-2.71
6.902,-0.31,-0.07,-2.71
6.904,-0.32,-0.07,-2.7
6.9079999999999995,-0.32,-0.08,-2.7
6.909,-0.32,-0.08,-2.69
6.9110000000000005,-0.32,-0.09,-2.69
6.914,-0.32,-0.1,-2.69
6.92,-0.32,-0.11,-2.68
6.92,-0.32,-0.12,-2.68
6.922000000000001,-0.32,-0.13,-2.68
6.9239999999999995,-0.32,-0.14,-2.68
6.926,-0.32,-0.15,-2.68
6.933,-0.33,-0.16,-2.68
6.933,-0.33,-0.17,-2.68
6.934,-0.33,-0.17,-2.67
6.936,-0.34,-0.18,-2.67
6.938,-0.34,-0.19,-2.66
6.941,-0.35,-0.19,-2.66
6.943,-0.36,-0.2,-2.65
6.946000000000001,-0.36,-0.2,-2.65
6.9479999999999995,-0.37,-0.21,-2.64
6.952000000000001,-0.38,-0.21,-2.64
6.952999999999999,-0.38,-0.21,-2.63
6.956,-0.4,-0.21,-2.63
6.957999999999999,-0.41,-0.21,-2.62
6.961,-0.42,-0.21,-2.62
6.962999999999999,-0.44,-0.21,-2.62
6.965,-0.45,-0.21,-2.61
6.968,-0.47,-0.2,-2.61
6.97,-0.49,-0.2,-2.61
6.974,-0.51,-0.2,-2.6
6.975,-0.53,-0.19,-2.6
6.978,-0.55,-0.18,-2.6
6.98,-0.57,-0.17,-2.59
6.983,-0.6,-0.16,-2.59
6.985,-0.62,-0.15,-2.58
6.9879999999999995,-0.64,-0.13,-2.57
6.99,-0.66,-0.11,-2.57
6.992000000000001,-0.68,-0.1,-2.55
6.996,-0.7,-0.08,-2.54
6.997999999999999,-0.72,-0.06,-2.53
7.0,-0.74,-0.04,-2.52
7.002000000000001,-0.75,-0.03,-2.51
7.005,-0.76,-0.01,-2.49
7.007000000000001,-0.76,0.01,-2.48
7.01,-0.77,0.03,-2.46
7.0120000000000005,-0.77,0.05,-2.45
7.015,-0.77,0.07,-2.43
7.017,-0.76,0.09,-2.42
7.02,-0.76,0.11,-2.41
7.022,-0.75,0.13,-2.39
7.024,-0.73,0.15,-2.38
7.028,-0.72,0.16,-2.36
7.03,-0.7,0.18,-2.35
7.032,-0.69,0.2,-2.33
7.034,-0.67,0.21,-2.32
7.037000000000001,-0.66,0.22,-2.31
7.039,-0.64,0.23,-2.3
7.042000000000001,-0.62,0.23,-2.29
7.044,-0.6,0.24,-2.28
7.046,-0.59,0.24,-2.28
7.0489999999999995,-0.58,0.24,-2.27
7.0520000000000005,-0.56,0.23,-2.27
7.053999999999999,-0.56,0.23,-2.28
7.056,-0.55,0.22,-2.28
7.059,-0.54,0.21,-2.28
7.061,-0.54,0.2,-2.28
7.064,-0.53,0.18,-2.29
7.066,-0.53,0.16,-2.29
7.069,-0.53,0.14,-2.3
7.071000000000001,-0.52,0.12,-2.3
7.077000000000001,-0.52,0.1,-2.31
7.077000000000001,-0.52,0.08,-2.32
7.077999999999999,-0.51,0.06,-2.32
7.081,-0.51,0.03,-2.33
7.082999999999999,-0.51,0.0,-2.33
7.0889999999999995,-0.5,-0.03,-2.33
7.09,-0.5,-0.05,-2.33
7.091,-0.49,-0.08,-2.33
7.093,-0.49,-0.1,-2.32
7.096,-0.48,-0.12,-2.31
7.098,-0.48,-0.14,-2.3
7.1,-0.47,-0.15,-2.28
7.103,-0.46,-0.17,-2.27
7.105,-0.46,-0.18,-2.25
7.108,-0.45,-0.19,-2.24
7.11,-0.44,-0.2,-2.23
7.1129999999999995,-0.43,-0.21,-2.21
7.115,-0.42,-0.22,-2.2
7.117999999999999,-0.41,-0.23,-2.18
7.12,-0.4,-0.24,-2.16
7.124,-0.39,-0.24,-2.15
7.125,-0.37,-0.25,-2.13
7.127000000000001,-0.36,-0.26,-2.11
7.131,-0.35,-0.26,-2.09
7.132000000000001,-0.33,-0.26,-2.07
7.135,-0.32,-0.26,-2.05
7.1370000000000005,-0.3,-0.25,-2.02
7.14,-0.28,-0.24,-2.0
7.142,-0.26,-0.23,-1.97
7.145,-0.24,-0.22,-1.94
7.148,-0.22,-0.2,-1.91
7.149,-0.2,-0.19,-1.88
7.152,-0.18,-0.17,-1.85
7.155,-0.16,-0.16,-1.82
7.157,-0.13,-0.14,-1.79
7.159,-0.11,-0.12,-1.77
7.162000000000001,-0.09,-0.11,-1.74
7.166,-0.06,-0.09,-1.71
7.167000000000001,-0.04,-0.08,-1.68
7.169,-0.02,-0.06,-1.66
7.172000000000001,0.01,-0.04,-1.63
7.175,0.04,-0.02,-1.6
7.18,0.06,-0.01,-1.58
7.18,0.09,0.01,-1.55
7.181,0.11,0.03,-1.53
7.184,0.13,0.05,-1.5
7.187,0.16,0.07,-1.48
7.189,0.18,0.09,-1.46
7.191,0.2,0.11,-1.43
7.194,0.22,0.13,-1.41
7.196000000000001,0.23,0.15,-1.38
7.199,0.25,0.18,-1.35
7.2010000000000005,0.27,0.19,-1.33
7.204,0.28,0.21,-1.3
7.206,0.3,0.23,-1.28
7.209,0.31,0.25,-1.25
7.211,0.33,0.26,-1.23
7.212999999999999,0.34,0.27,-1.2
7.216,0.35,0.28,-1.18
7.218,0.36,0.29,-1.15
7.221,0.37,0.3,-1.12
7.223,0.38,0.31,-1.09
7.226,0.39,0.32,-1.07
7.23,0.4,0.33,-1.04
7.231,0.41,0.34,-1.01
7.233,0.41,0.35,-0.98
7.235,0.42,0.36,-0.95
7.2379999999999995,0.43,0.36,-0.92
7.24,0.43,0.37,-0.89
7.242999999999999,0.44,0.38,-0.86
7.245,0.44,0.39,-0.83
7.247999999999999,0.44,0.4,-0.8
7.25,0.44,0.4,-0.77
7.254,0.44,0.41,-0.74
7.255,0.45,0.41,-0.71
7.257000000000001,0.45,0.41,-0.68
7.26,0.45,0.41,-0.65
7.2620000000000005,0.44,0.41,-0.62
7.265,0.44,0.41,-0.6
7.268,0.44,0.41,-0.57
7.27,0.43,0.41,-0.54
7.272,0.43,0.4,-0.51
7.275,0.43,0.4,-0.48
7.277,0.42,0.39,-0.45
7.28,0.42,0.39,-0.42
7.282,0.42,0.38,-0.39
7.284,0.41,0.38,-0.36
7.287000000000001,0.41,0.38,-0.34
7.289,0.4,0.37,-0.31
7.292000000000001,0.4,0.37,-0.28
7.294,0.4,0.36,-0.26
7.297000000000001,0.39,0.36,-0.23
7.2989999999999995,0.39,0.35,-0.21
7.3020000000000005,0.38,0.34,-0.18
7.303999999999999,0.38,0.33,-0.15
7.308,0.39,0.32,-0.13
7.312,0.38,0.32,-0.1
7.312,0.39,0.31,-0.07
7.314,0.39,0.31,-0.04
7.316,0.39,0.31,-0.01
7.32,0.4,0.32,0.02
7.325,0.41,0.33,0.06
7.3260000000000005,0.42,0.34,0.09
7.3260000000000005,0.43,0.35,0.13
7.33,0.45,0.37,0.16
7.332999999999999,0.46,0.38,0.19
7.332999999999999,0.48,0.4,0.23
7.336,0.5,0.42,0.26
7.337999999999999,0.52,0.43,0.3
7.341,0.55,0.45,0.33
7.343999999999999,0.57,0.46,0.37
7.346,0.59,0.48,0.41
7.348,0.62,0.5,0.44
7.351,0.64,0.51,0.48
7.354,0.67,0.53,0.51
7.356,0.7,0.54,0.54
7.452999999999999,0.72,0.56,0.57
7.452999999999999,0.75,0.58,0.6
7.452999999999999,0.78,0.6,0.63
7.454,0.8,0.62,0.66
7.454,0.83,0.65,0.69
7.454,0.85,0.67,0.72
7.454,0.88,0.7,0.75
7.455,0.9,0.73,0.77
7.455,0.92,0.75,0.8
7.455,0.95,0.78,0.83
7.455,0.97,0.81,0.86
7.456,0.99,0.84,0.88
7.456,1.02,0.86,0.91
7.456,1.04,0.89,0.94
7.456,1.06,0.92,0.96
7.456,1.08,0.95,0.99
7.456,1.1,0.98,1.01
7.457000000000001,1.11,1.0,1.03
7.457000000000001,1.13,1.03,1.05
7.457000000000001,1.15,1.06,1.07
7.457000000000001,1.17,1.09,1.09
7.457000000000001,1.19,1.11,1.11
7.457999999999999,1.21,1.14,1.12
7.457999999999999,1.22,1.17,1.14
7.457999999999999,1.24,1.2,1.15
7.457999999999999,1.26,1.22,1.15
7.457999999999999,1.28,1.24,1.16
7.459,1.3,1.27,1.16
7.459,1.32,1.29,1.16
7.459,1.34,1.3,1.15
7.459,1.36,1.31,1.15
7.459,1.39,1.31,1.13
7.46,1.41,1.3,1.12
7.46,1.44,1.29,1.11
7.46,1.46,1.28,1.1
7.46,1.49,1.26,1.09
7.461,1.51,1.25,1.08
7.461,1.52,1.23,1.08
7.461,1.53,1.21,1.07
7.461,1.53,1.2,1.08
7.461,1.52,1.18,1.08
7.461,1.51,1.17,1.09
7.462000000000001,1.49,1.16,1.1
7.4639999999999995,1.46,1.16,1.12
7.468999999999999,1.42,1.16,1.13
7.468999999999999,1.38,1.16,1.16
7.471,1.32,1.16,1.18
7.473,1.27,1.16,1.21
7.485,1.21,1.16,1.23
7.486000000000001,1.14,1.16,1.26
7.486000000000001,1.08,1.16,1.29
7.486000000000001,1.02,1.16,1.32
7.486000000000001,0.96,1.15,1.35
7.489,0.89,1.15,1.38
7.4910000000000005,0.83,1.14,1.41
7.492999999999999,0.78,1.14,1.44
7.495,0.73,1.13,1.47
7.497999999999999,0.68,1.13,1.51
7.5,0.64,1.13,1.55
7.502999999999999,0.6,1.12,1.59
7.505,0.56,1.12,1.62
7.507999999999999,0.54,1.11,1.66
7.5120000000000005,0.51,1.1,1.7
7.513,0.48,1.1,1.75
7.515,0.46,1.09,1.79
7.518,0.44,1.09,1.83
7.52,0.43,1.09,1.87
7.523,0.41,1.09,1.91
7.525,0.4,1.09,1.95
7.527,0.38,1.08,1.99
7.53,0.37,1.08,2.03
7.5329999999999995,0.35,1.09,2.07
7.5360000000000005,0.34,1.09,2.1
7.537999999999999,0.33,1.1,2.14
7.54,0.32,1.11,2.17
7.542000000000001,0.31,1.11,2.2
7.547000000000001,0.31,1.12,2.23
7.547999999999999,0.3,1.12,2.25
7.55,0.29,1.13,2.26
7.5520000000000005,0.29,1.14,2.27
7.553999999999999,0.29,1.15,2.27
7.557,0.29,1.16,2.27
7.559,0.29,1.17,2.27
7.562,0.28,1.18,2.27
7.565,0.29,1.19,2.27
7.567,0.29,1.2,2.26
7.569,0.29,1.22,2.25
7.572,0.3,1.23,2.24
7.574,0.3,1.24,2.23
7.577000000000001,0.31,1.25,2.22
7.579,0.32,1.27,2.21
7.582000000000001,0.33,1.28,2.2
7.584,0.34,1.29,2.19
7.586,0.35,1.3,2.18
7.59,0.36,1.31,2.17
7.591,0.37,1.32,2.17
7.593999999999999,0.39,1.32,2.16
7.596,0.4,1.33,2.16
7.598,0.41,1.33,2.16
7.601,0.43,1.33,2.16
7.604,0.44,1.32,2.17
7.606,0.46,1.32,2.17
7.608,0.47,1.31,2.18
7.612,0.49,1.3,2.2
7.6129999999999995,0.5,1.28,2.21
7.6160000000000005,0.52,1.27,2.22
7.617999999999999,0.53,1.25,2.24
7.621,0.54,1.24,2.26
7.624,0.56,1.22,2.28
7.626,0.57,1.2,2.3
7.627999999999999,0.58,1.17,2.33
7.631,0.59,1.15,2.35
7.632999999999999,0.59,1.13,2.38
7.635,0.6,1.1,2.41
7.638,0.6,1.07,2.43
7.64,0.6,1.05,2.46
7.643,0.6,1.02,2.48
7.648,0.6,0.99,2.51
7.648,0.6,0.96,2.53
7.65,0.6,0.93,2.55
7.652,0.6,0.89,2.57
7.655,0.6,0.86,2.59
7.665,0.6,0.83,2.61
7.666,0.6,0.8,2.62
7.666,0.6,0.77,2.63
7.666,0.6,0.74,2.64
7.667999999999999,0.59,0.71,2.65
7.67,0.58,0.67,2.66
7.672000000000001,0.58,0.64,2.66
7.675,0.57,0.61,2.66
7.6770000000000005,0.56,0.58,2.66
7.68,0.55,0.54,2.66
7.682,0.54,0.51,2.65
7.684,0.53,0.47,2.64
7.687,0.51,0.44,2.64
7.69,0.5,0.41,2.63
7.692,0.49,0.37,2.62
7.694,0.48,0.33,2.61
7.697,0.46,0.3,2.59
7.699,0.45,0.27,2.58
7.702000000000001,0.44,0.24,2.57
7.704,0.43,0.21,2.56
7.707000000000001,0.41,0.18,2.55
7.709,0.4,0.15,2.54
7.712000000000001,0.39,0.13,2.53
7.7139999999999995,0.38,0.1,2.52
7.716,0.37,0.08,2.51
7.718999999999999,0.35,0.06,2.5
7.721,0.34,0.04,2.48
7.724,0.33,0.02,2.47
7.726,0.33,-0.0,2.46
7.729,0.32,-0.01,2.44
7.731,0.32,-0.03,2.42
7.734,0.32,-0.05,2.41
7.736000000000001,0.31,-0.07,2.39
7.739,0.3,-0.08,2.37
7.742000000000001,0.3,-0.1,2.36
7.747999999999999,0.29,-0.11,2.34
7.749,0.29,-0.12,2.33
7.749,0.28,-0.13,2.31
7.751,0.28,-0.14,2.28
7.752999999999999,0.27,-0.15,2.26
7.756,0.26,-0.16,2.24
7.7620000000000005,0.26,-0.17,2.21
7.7620000000000005,0.25,-0.17,2.19
7.763,0.25,-0.17,2.16
7.765,0.25,-0.17,2.14
7.769,0.24,-0.17,2.11
7.77,0.24,-0.18,2.09
7.773,0.25,-0.18,2.06
7.775,0.25,-0.18,2.03
7.778,0.25,-0.19,2.0
7.78,0.25,-0.19,1.97
7.7829999999999995,0.25,-0.19,1.94
7.785,0.25,-0.19,1.91
7.787999999999999,0.26,-0.19,1.88
7.791,0.26,-0.19,1.85
7.792999999999999,0.26,-0.19,1.82
7.795,0.27,-0.18,1.79
7.797000000000001,0.27,-0.18,1.75
7.8,0.28,-0.18,1.72
7.803,0.28,-0.18,1.69
7.805,0.29,-0.18,1.65
7.807,0.3,-0.18,1.61
7.81,0.31,-0.18,1.58
7.812,0.32,-0.17,1.54
7.815,0.32,-0.17,1.5
7.817,0.33,-0.17,1.47
7.819,0.34,-0.16,1.43
7.822,0.35,-0.16,1.4
7.825,0.36,-0.16,1.36
7.827999999999999,0.37,-0.16,1.32
7.829,0.38,-0.15,1.29
7.832000000000001,0.39,-0.15,1.25
7.834,0.4,-0.15,1.21
7.837000000000001,0.41,-0.14,1.17
7.8389999999999995,0.42,-0.14,1.14
7.841,0.43,-0.14,1.1
7.843999999999999,0.43,-0.14,1.06
7.848,0.44,-0.14,1.02
7.849,0.44,-0.14,0.97
7.852,0.44,-0.14,0.93
7.854,0.44,-0.14,0.89
7.856,0.45,-0.15,0.85
7.859,0.45,-0.15,0.81
7.861000000000001,0.45,-0.16,0.76
7.864,0.44,-0.16,0.72
7.8660000000000005,0.44,-0.16,0.68
7.872000000000001,0.44,-0.17,0.64
7.872000000000001,0.43,-0.17,0.6
7.874,0.43,-0.18,0.56
7.876,0.43,-0.18,0.52
7.877999999999999,0.42,-0.19,0.48
7.885,0.41,-0.19,0.44
7.885,0.41,-0.2,0.39
7.886,0.4,-0.2,0.35
7.888,0.4,-0.21,0.31
7.891,0.39,-0.21,0.27
7.893,0.38,-0.22,0.23
7.895,0.38,-0.22,0.19
7.898,0.37,-0.23,0.15
7.9,0.36,-0.24,0.11
7.904,0.35,-0.24,0.06
7.905,0.35,-0.25,0.02
7.9079999999999995,0.34,-0.25,-0.03
7.91,0.33,-0.25,-0.07
7.912999999999999,0.33,-0.25,-0.11
7.915,0.32,-0.26,-0.16
7.917999999999999,0.31,-0.26,-0.2
7.92,0.31,-0.26,-0.24
7.922000000000001,0.3,-0.26,-0.27
7.926,0.3,-0.26,-0.32
7.9270000000000005,0.3,-0.27,-0.36
7.93,0.29,-0.27,-0.4
7.932,0.29,-0.27,-0.45
7.935,0.29,-0.28,-0.49
7.937,0.29,-0.29,-0.53
7.94,0.29,-0.29,-0.58
7.942,0.29,-0.3,-0.63
7.944,0.3,-0.31,-0.68
7.95,0.3,-0.32,-0.73
7.9510000000000005,0.3,-0.33,-0.78
7.952000000000001,0.31,-0.34,-0.83
7.954,0.31,-0.35,-0.88
7.957000000000001,0.31,-0.36,-0.93
7.96,0.32,-0.38,-0.99
7.962000000000001,0.32,-0.39,-1.04
7.9639999999999995,0.33,-0.4,-1.1
7.9670000000000005,0.34,-0.42,-1.15
7.968999999999999,0.34,-0.43,-1.2
7.972,0.35,-0.44,-1.24
7.974,0.35,-0.45,-1.29
7.976,0.36,-0.46,-1.33
7.979,0.36,-0.47,-1.38
7.985,0.37,-0.47,-1.41
7.985,0.37,-0.48,-1.45
7.9879999999999995,0.38,-0.48,-1.48
7.989,0.38,-0.48,-1.51
7.992000000000001,0.39,-0.48,-1.54
7.999,0.39,-0.48,-1.56
8.0,0.4,-0.47,-1.59
8.0,0.41,-0.47,-1.61
8.001,0.43,-0.46,-1.63
8.004,0.44,-0.46,-1.65
8.006,0.46,-0.45,-1.67
8.008,0.48,-0.44,-1.68
8.011000000000001,0.5,-0.43,-1.7
8.013,0.52,-0.42,-1.71
8.016,0.55,-0.42,-1.73
8.017999999999999,0.57,-0.41,-1.74
8.021,0.6,-0.4,-1.76
8.023,0.63,-0.39,-1.77
8.026,0.66,-0.39,-1.78
8.027999999999999,0.69,-0.38,-1.8
8.03,0.73,-0.37,-1.81
8.033,0.76,-0.36,-1.83
8.035,0.79,-0.35,-1.84
8.038,0.82,-0.34,-1.86
8.04,0.85,-0.33,-1.88
8.043,0.89,-0.32,-1.9
8.045,0.92,-0.31,-1.93
8.049,0.95,-0.3,-1.95
8.05,0.98,-0.28,-1.98
8.052999999999999,1.01,-0.27,-2.01
8.055,1.04,-0.26,-2.04
8.057,1.06,-0.25,-2.08
8.06,1.09,-0.24,-2.12
8.062000000000001,1.11,-0.23,-2.17
8.065,1.14,-0.23,-2.21
8.068,1.16,-0.22,-2.26
8.07,1.18,-0.22,-2.31
8.072000000000001,1.19,-0.22,-2.36
8.075,1.21,-0.22,-2.4
8.077,1.21,-0.22,-2.45
8.079,1.22,-0.22,-2.49
8.083,1.22,-0.22,-2.53
8.084,1.21,-0.23,-2.56
8.087,1.21,-0.23,-2.59
8.089,1.19,-0.23,-2.62
8.092,1.17,-0.23,-2.65
8.203,1.15,-0.24,-2.67
8.203,1.12,-0.24,-2.68
8.204,1.1,-0.23,-2.7
8.204,1.07,-0.23,-2.7
8.204,1.03,-0.22,-2.7
8.205,0.99,-0.21,-2.7
8.205,0.96,-0.2,-2.69
8.205,0.92,-0.19,-2.67
8.205,0.88,-0.17,-2.65
8.205,0.83,-0.16,-2.63
8.206,0.79,-0.14,-2.6
8.206,0.74,-0.12,-2.56
8.206,0.7,-0.11,-2.53
8.206,0.66,-0.09,-2.49
8.206,0.61,-0.08,-2.46
8.206,0.57,-0.06,-2.42
8.207,0.53,-0.05,-2.38
8.207,0.49,-0.03,-2.35
8.207,0.45,-0.02,-2.31
8.207,0.42,-0.01,-2.28
8.207,0.39,0.01,-2.25
8.208,0.36,0.02,-2.23
8.208,0.33,0.03,-2.2
8.208,0.3,0.04,-2.19
8.208,0.28,0.05,-2.17
8.208,0.26,0.06,-2.15
8.209,0.23,0.06,-2.14
8.209,0.21,0.07,-2.14
8.209,0.19,0.06,-2.13
8.209,0.16,0.06,-2.14
8.209,0.14,0.06,-2.14
8.209,0.12,0.05,-2.15
8.21,0.1,0.04,-2.16
8.21,0.08,0.03,-2.17
8.21,0.05,0.02,-2.19
8.21,0.03,0.01,-2.2
8.21,0.02,-0.0,-2.22
8.21,-0.0,-0.01,-2.24
8.211,-0.02,-0.03,-2.26
8.211,-0.04,-0.04,-2.28
8.211,-0.05,-0.05,-2.3
8.211,-0.06,-0.06,-2.32
8.212,-0.07,-0.07,-2.34
8.212,-0.08,-0.08,-2.36
8.212,-0.08,-0.1,-2.38
8.212,-0.08,-0.12,-2.4
8.212,-0.08,-0.13,-2.42
8.213,-0.07,-0.15,-2.43
8.213,-0.06,-0.16,-2.44
8.214,-0.05,-0.18,-2.45
8.218,-0.04,-0.19,-2.45
8.22,-0.03,-0.21,-2.46
8.222000000000001,-0.02,-0.22,-2.46
8.224,0.0,-0.23,-2.46
8.238,0.02,-0.24,-2.45
8.238,0.03,-0.24,-2.44
8.238999999999999,0.05,-0.24,-2.44
8.238999999999999,0.07,-0.24,-2.42
8.238999999999999,0.09,-0.23,-2.41
8.238999999999999,0.12,-0.22,-2.39
8.241,0.14,-0.21,-2.37
8.244,0.16,-0.19,-2.34
8.246,0.19,-0.17,-2.32
8.249,0.21,-0.15,-2.29
8.252,0.24,-0.13,-2.26
8.254,0.27,-0.1,-2.24
8.256,0.3,-0.08,-2.21
8.259,0.34,-0.06,-2.18
8.264,0.37,-0.03,-2.14
8.264,0.41,-0.0,-2.11
8.266,0.44,0.02,-2.08
8.267999999999999,0.48,0.04,-2.05
8.271,0.52,0.06,-2.02
8.277999999999999,0.55,0.09,-1.99
8.279,0.59,0.11,-1.96
8.279,0.62,0.13,-1.93
8.281,0.65,0.16,-1.91
8.283999999999999,0.68,0.18,-1.88
8.286,0.7,0.21,-1.86
8.288,0.73,0.24,-1.85
8.29,0.75,0.27,-1.83
8.293,0.77,0.3,-1.82
8.296,0.78,0.32,-1.8
8.298,0.79,0.35,-1.8
8.3,0.81,0.38,-1.79
8.302999999999999,0.82,0.41,-1.79
8.306000000000001,0.83,0.44,-1.79
8.308,0.83,0.47,-1.79
8.31,0.84,0.49,-1.79
8.312999999999999,0.85,0.52,-1.79
8.315,0.85,0.54,-1.79
8.318,0.86,0.56,-1.8
8.32,0.87,0.58,-1.8
8.322000000000001,0.87,0.6,-1.8
8.325,0.87,0.61,-1.8
8.328,0.87,0.62,-1.8
8.33,0.86,0.62,-1.8
8.332,0.86,0.62,-1.79
8.335,0.86,0.62,-1.78
8.337,0.85,0.62,-1.77
8.34,0.84,0.62,-1.76
8.342,0.83,0.62,-1.75
8.344,0.82,0.61,-1.74
8.347999999999999,0.81,0.61,-1.72
8.349,0.79,0.6,-1.7
8.352,0.77,0.59,-1.67
8.354,0.76,0.58,-1.65
8.357000000000001,0.74,0.57,-1.63
8.36,0.72,0.55,-1.6
8.363,0.7,0.53,-1.57
8.363999999999999,0.67,0.52,-1.54
8.367,0.65,0.5,-1.51
8.369,0.62,0.48,-1.48
8.371,0.6,0.46,-1.44
8.374,0.57,0.44,-1.4
8.377,0.55,0.42,-1.37
8.379,0.52,0.4,-1.33
8.381,0.5,0.39,-1.3
8.387,0.48,0.37,-1.26
8.387,0.45,0.35,-1.22
8.389,0.43,0.33,-1.18
8.391,0.41,0.31,-1.14
8.394,0.38,0.28,-1.1
8.399,0.36,0.26,-1.06
8.399,0.33,0.24,-1.02
8.401,0.31,0.21,-0.98
8.402999999999999,0.28,0.19,-0.95
8.407,0.25,0.17,-0.92
8.408,0.22,0.15,-0.89
8.411,0.19,0.14,-0.86
8.413,0.17,0.13,-0.84
8.416,0.14,0.11,-0.81
8.419,0.12,0.11,-0.79
8.421,0.1,0.1,-0.77
8.423,0.08,0.1,-0.76
8.425,0.06,0.1,-0.74
8.427999999999999,0.05,0.1,-0.73
8.43,0.04,0.1,-0.71
8.433,0.03,0.11,-0.69
8.435,0.03,0.12,-0.68
8.437999999999999,0.02,0.14,-0.67
8.441,0.02,0.15,-0.66
8.443,0.02,0.17,-0.65
8.445,0.03,0.19,-0.63
8.448,0.04,0.21,-0.62
8.45,0.05,0.24,-0.61
8.453,0.06,0.26,-0.59
8.455,0.07,0.29,-0.58
8.458,0.09,0.32,-0.56
8.46,0.11,0.34,-0.55
8.464,0.12,0.37,-0.54
8.465,0.14,0.39,-0.52
8.468,0.17,0.42,-0.51
8.47,0.19,0.44,-0.49
8.472000000000001,0.21,0.46,-0.48
8.475,0.24,0.48,-0.46
8.477,0.26,0.5,-0.44
8.48,0.28,0.51,-0.42
8.482000000000001,0.3,0.52,-0.41
8.485,0.33,0.53,-0.39
8.487,0.35,0.55,-0.37
8.488999999999999,0.37,0.56,-0.35
8.492,0.38,0.57,-0.33
8.494,0.4,0.58,-0.31
8.5,0.41,0.59,-0.29
8.5,0.43,0.6,-0.26
8.502,0.44,0.62,-0.24
8.504,0.45,0.63,-0.22
8.507,0.46,0.64,-0.19
8.515,0.47,0.66,-0.17
8.516,0.48,0.67,-0.14
8.516,0.49,0.69,-0.11
8.516,0.49,0.7,-0.08
8.519,0.5,0.72,-0.06
8.521,0.5,0.73,-0.03
8.524,0.51,0.74,-0.0
8.526,0.51,0.75,0.03
8.529,0.52,0.77,0.06
8.531,0.52,0.78,0.09
8.533999999999999,0.53,0.79,0.11
8.536,0.53,0.81,0.14
8.538,0.53,0.82,0.16
8.542,0.54,0.83,0.18
8.543,0.54,0.84,0.2
8.546,0.55,0.85,0.22
8.548,0.55,0.86,0.24
8.551,0.56,0.87,0.26
8.552999999999999,0.56,0.87,0.27
8.556000000000001,0.57,0.88,0.29
8.558,0.57,0.89,0.31
8.561,0.58,0.9,0.33
8.564,0.58,0.91,0.35
8.566,0.59,0.92,0.37
8.568,0.6,0.93,0.39
8.57,0.6,0.93,0.41
8.573,0.61,0.94,0.43
8.575,0.62,0.95,0.45
8.578,0.63,0.95,0.47
8.58,0.64,0.96,0.49
8.582,0.65,0.96,0.51
8.586,0.65,0.97,0.53
8.588,0.67,0.97,0.55
8.59,0.67,0.98,0.57
8.592,0.68,0.98,0.59
8.596,0.69,0.98,0.61
8.597999999999999,0.7,0.99,0.63
8.6,0.71,0.99,0.65
8.602,0.72,0.99,0.67
8.605,0.72,1.0,0.7
8.607000000000001,0.73,1.0,0.72
8.61,0.74,1.0,0.74
8.612,0.74,1.01,0.77
8.613999999999999,0.75,1.01,0.8
8.617,0.75,1.02,0.83
8.622,0.75,1.04,0.86
8.622,0.75,1.06,0.9
8.624,0.75,1.07,0.94
8.628,0.75,1.09,0.97
8.629,0.75,1.11,1.0
8.637,0.75,1.13,1.03
8.638,0.76,1.15,1.06
8.638,0.77,1.17,1.08
8.639,0.78,1.19,1.1
8.642999999999999,0.79,1.2,1.11
8.644,0.8,1.21,1.12
8.647,0.82,1.22,1.13
8.649,0.83,1.22,1.13
8.651,0.85,1.22,1.13
8.654,0.86,1.21,1.14
8.656,0.88,1.2,1.14
8.658999999999999,0.89,1.19,1.14
8.661,0.89,1.18,1.15
8.664,0.9,1.17,1.16
8.666,0.9,1.15,1.17
8.669,0.89,1.13,1.19
8.671,0.88,1.11,1.22
8.673,0.87,1.09,1.24
8.677,0.85,1.07,1.27
8.677999999999999,0.83,1.05,1.3
8.681000000000001,0.8,1.03,1.33
8.683,0.78,1.01,1.37
8.686,0.75,0.98,1.4
8.687999999999999,0.72,0.96,1.43
8.691,0.69,0.93,1.46
8.693,0.65,0.9,1.49
8.695,0.62,0.87,1.53
8.699,0.58,0.83,1.57
8.7,0.54,0.79,1.6
8.703,0.51,0.75,1.64
8.705,0.47,0.71,1.68
8.708,0.44,0.67,1.72
8.71,0.4,0.63,1.75
8.713,0.36,0.59,1.8
8.715,0.33,0.55,1.84
8.717,0.3,0.52,1.88
8.721,0.27,0.48,1.92
8.722999999999999,0.24,0.45,1.96
8.725,0.21,0.42,2.0
8.727,0.19,0.4,2.04
8.73,0.17,0.37,2.08
8.732000000000001,0.15,0.35,2.12
8.735,0.13,0.34,2.16
8.737,0.11,0.32,2.2
8.74,0.09,0.31,2.24
8.743,0.08,0.3,2.28
8.746,0.06,0.29,2.31
8.748,0.05,0.29,2.35
8.75,0.04,0.28,2.39
8.753,0.03,0.29,2.42
8.761000000000001,0.02,0.29,2.45
8.762,0.02,0.29,2.48
8.762,0.01,0.3,2.51
8.762,0.01,0.31,2.54
8.764,0.0,0.32,2.57
8.767000000000001,-0.0,0.33,2.59
8.769,-0.01,0.34,2.61
8.772,-0.02,0.36,2.63
8.775,-0.03,0.36,2.65
8.777000000000001,-0.04,0.37,2.66
8.779,-0.06,0.37,2.67
8.781,-0.07,0.37,2.68
8.783999999999999,-0.09,0.36,2.68
8.786,-0.11,0.35,2.68
8.789,-0.13,0.33,2.68
8.791,-0.15,0.3,2.67
8.794,-0.17,0.27,2.66
8.796,-0.19,0.23,2.65
8.799,-0.22,0.19,2.64
8.801,-0.24,0.15,2.63
8.802999999999999,-0.27,0.1,2.62
8.806000000000001,-0.29,0.06,2.6
8.808,-0.32,0.01,2.59
8.811,-0.34,-0.03,2.58
8.814,-0.37,-0.08,2.57
8.816,-0.39,-0.11,2.56
8.818,-0.42,-0.15,2.55
8.822000000000001,-0.45,-0.18,2.54
8.823,-0.48,-0.22,2.54
8.825,-0.51,-0.25,2.53
8.828,-0.54,-0.29,2.52
8.83,-0.56,-0.32,2.51
8.833,-0.59,-0.34,2.5
8.835,-0.62,-0.35,2.51
8.838,-0.64,-0.36,2.52
8.84,-0.66,-0.38,2.53
8.844,-0.68,-0.4,2.54
8.845,-0.7,-0.42,2.55
8.847999999999999,-0.72,-0.43,2.56
8.85,-0.73,-0.44,2.56
8.853,-0.74,-0.45,2.55
8.857000000000001,-0.75,-0.46,2.54
8.857999999999999,-0.75,-0.46,2.53
8.86,-0.75,-0.46,2.51
8.863,-0.75,-0.46,2.5
8.865,-0.74,-0.45,2.49
8.872,-0.73,-0.44,2.47
8.872,-0.71,-0.43,2.46
8.872,-0.69,-0.42,2.45
8.875,-0.67,-0.41,2.43
8.877,-0.65,-0.39,2.42
8.88,-0.62,-0.38,2.4
8.882,-0.59,-0.36,2.39
8.884,-0.56,-0.35,2.38
8.887,-0.53,-0.33,2.36
8.889,-0.5,-0.32,2.35
8.892000000000001,-0.47,-0.3,2.34
8.894,-0.44,-0.28,2.32
8.897,-0.41,-0.26,2.31
8.9,-0.38,-0.24,2.29
8.902000000000001,-0.36,-0.22,2.28
8.904,-0.33,-0.2,2.27
8.908,-0.3,-0.17,2.25
8.908999999999999,-0.27,-0.15,2.24
8.912,-0.25,-0.13,2.22
8.914,-0.22,-0.1,2.21
8.916,-0.19,-0.08,2.19
8.919,-0.16,-0.06,2.18
8.922,-0.14,-0.05,2.16
8.924,-0.11,-0.03,2.15
8.926,-0.08,-0.01,2.13
8.929,-0.05,0.0,2.12
8.931000000000001,-0.03,0.02,2.1
8.934,-0.01,0.03,2.09
8.936,0.02,0.04,2.07
8.937999999999999,0.04,0.05,2.05
8.941,0.07,0.07,2.04
8.943,0.09,0.08,2.03
8.946,0.11,0.09,2.01
8.948,0.13,0.11,2.0
8.951,0.15,0.12,1.98
8.953,0.17,0.13,1.97
8.956,0.2,0.14,1.95
8.958,0.21,0.15,1.93
8.96,0.24,0.15,1.91
8.963,0.26,0.16,1.9
8.965,0.28,0.16,1.88
8.968,0.29,0.16,1.86
8.97,0.31,0.16,1.84
8.972999999999999,0.33,0.16,1.82
8.975,0.35,0.16,1.8
8.979,0.36,0.15,1.78
8.98,0.38,0.15,1.76
8.982000000000001,0.39,0.14,1.74
8.985,0.4,0.13,1.72
8.988,0.41,0.12,1.7
8.99,0.42,0.11,1.68
8.992,0.43,0.11,1.66
8.995,0.43,0.1,1.64
8.997,0.44,0.1,1.62
9.0,0.44,0.1,1.6
9.004,0.44,0.09,1.58
9.005,0.45,0.09,1.56
9.007,0.45,0.09,1.54
9.01,0.45,0.09,1.52
9.021,0.46,0.08,1.5
9.022,0.46,0.09,1.48
9.022,0.46,0.08,1.45
9.022,0.47,0.09,1.43
9.023,0.47,0.09,1.4
9.024,0.47,0.09,1.38
9.027999999999999,0.48,0.09,1.35
9.029,0.49,0.1,1.32
9.031,0.49,0.1,1.3
9.035,0.5,0.11,1.27
9.037,0.5,0.11,1.24
9.039,0.51,0.12,1.2
9.041,0.52,0.13,1.17
9.044,0.52,0.14,1.14
9.046,0.53,0.14,1.1
9.049,0.54,0.15,1.06
9.051,0.55,0.16,1.02
9.054,0.56,0.16,0.97
9.057,0.57,0.17,0.93
9.059,0.58,0.17,0.88
9.061,0.59,0.17,0.83
9.062999999999999,0.6,0.17,0.78
9.066,0.61,0.16,0.73
9.068999999999999,0.63,0.15,0.67
9.071,0.64,0.14,0.62
9.073,0.66,0.12,0.57
9.196,0.67,0.11,0.51
9.196,0.68,0.09,0.46
9.196,0.69,0.08,0.42
9.197000000000001,0.7,0.06,0.37
9.197000000000001,0.71,0.05,0.33
9.197000000000001,0.72,0.03,0.29
9.197000000000001,0.72,0.02,0.25
9.197000000000001,0.72,0.01,0.22
9.197000000000001,0.72,0.0,0.18
9.198,0.71,-0.01,0.14
9.198,0.71,-0.01,0.11
9.198,0.7,-0.02,0.08
9.198,0.69,-0.03,0.04
9.198,0.68,-0.05,0.0
9.198,0.66,-0.06,-0.03
9.199,0.65,-0.07,-0.07
9.199,0.63,-0.09,-0.1
9.199,0.62,-0.1,-0.13
9.199,0.6,-0.12,-0.16
9.199,0.59,-0.13,-0.19
9.199,0.57,-0.14,-0.21
9.2,0.56,-0.15,-0.24
9.2,0.54,-0.16,-0.26
9.2,0.53,-0.17,-0.29
9.2,0.51,-0.18,-0.31
9.2,0.5,-0.18,-0.33
9.2,0.49,-0.19,-0.35
9.2,0.48,-0.19,-0.37
9.201,0.46,-0.19,-0.38
9.201,0.46,-0.19,-0.4
9.201,0.44,-0.19,-0.42
9.201,0.44,-0.19,-0.44
9.201,0.43,-0.18,-0.45
9.201,0.42,-0.18,-0.47
9.201,0.42,-0.18,-0.49
9.202,0.41,-0.17,-0.5
9.202,0.41,-0.16,-0.52
9.202,0.4,-0.16,-0.54
9.202,0.4,-0.15,-0.57
9.202,0.4,-0.15,-0.59
9.203,0.4,-0.14,-0.62
9.203,0.39,-0.14,-0.65
9.203,0.39,-0.13,-0.68
9.203,0.39,-0.13,-0.71
9.203,0.39,-0.13,-0.75
9.204,0.39,-0.12,-0.78
9.204,0.39,-0.12,-0.82
9.204,0.39,-0.11,-0.85
9.204,0.39,-0.11,-0.89
9.204,0.39,-0.11,-0.92
9.204,0.39,-0.1,-0.96
9.204,0.38,-0.1,-1.0
9.204,0.38,-0.1,-1.03
9.207,0.38,-0.1,-1.07
9.208,0.37,-0.1,-1.1
9.211,0.37,-0.09,-1.14
9.214,0.36,-0.1,-1.18
9.216000000000001,0.36,-0.1,-1.21
9.218,0.35,-0.1,-1.25
9.221,0.34,-0.09,-1.29
9.222999999999999,0.34,-0.09,-1.32
9.229,0.34,-0.09,-1.36
9.229,0.34,-0.09,-1.39
9.231,0.34,-0.09,-1.43
9.232999999999999,0.34,-0.08,-1.46
9.236,0.34,-0.07,-1.49
9.252,0.35,-0.07,-1.52
9.253,0.36,-0.06,-1.55
9.253,0.37,-0.06,-1.58
9.253,0.38,-0.06,-1.61
9.253,0.4,-0.06,-1.64
9.253,0.41,-0.06,-1.67
9.253,0.43,-0.06,-1.7
9.255,0.45,-0.06,-1.72
9.269,0.46,-0.07,-1.75
9.269,0.48,-0.07,-1.78
9.269,0.5,-0.07,-1.8
9.27,0.52,-0.07,-1.82
9.27,0.54,-0.08,-1.84
9.27,0.56,-0.08,-1.87
9.272,0.57,-0.07,-1.89
9.274,0.59,-0.07,-1.9
9.277000000000001,0.6,-0.07,-1.92
9.279,0.62,-0.07,-1.94
9.282,0.63,-0.07,-1.95
9.283999999999999,0.65,-0.07,-1.97
9.287,0.66,-0.06,-1.98
9.289,0.68,-0.06,-2.0
9.293,0.69,-0.06,-2.01
9.294,0.7,-0.05,-2.03
9.297,0.72,-0.04,-2.05
9.299,0.73,-0.04,-2.06
9.301,0.75,-0.03,-2.07
9.304,0.76,-0.02,-2.08
9.308,0.77,-0.01,-2.1
9.309,0.79,-0.0,-2.11
9.311,0.8,0.01,-2.13
9.315,0.81,0.01,-2.14
9.316,0.83,0.02,-2.16
9.318999999999999,0.84,0.03,-2.17
9.321,0.85,0.04,-2.19
9.324,0.86,0.05,-2.21
9.326,0.87,0.06,-2.22
9.329,0.88,0.07,-2.24
9.331,0.89,0.08,-2.26
9.333,0.9,0.08,-2.27
9.337,0.91,0.09,-2.29
9.338,0.91,0.1,-2.31
9.341000000000001,0.92,0.11,-2.32
9.343,0.93,0.11,-2.33
9.346,0.93,0.12,-2.35
9.347999999999999,0.93,0.13,-2.36
9.351,0.94,0.13,-2.36
9.353,0.94,0.14,-2.38
9.355,0.94,0.15,-2.38
9.359,0.93,0.15,-2.39
9.36,0.93,0.16,-2.4
9.363,0.93,0.16,-2.41
9.365,0.92,0.17,-2.41
9.368,0.91,0.17,-2.42
9.373,0.9,0.18,-2.42
9.373,0.89,0.17,-2.43
9.375,0.87,0.17,-2.42
9.378,0.85,0.17,-2.42
9.38,0.84,0.16,-2.42
9.39,0.81,0.16,-2.42
9.39,0.79,0.15,-2.42
9.391,0.77,0.13,-2.43
9.391,0.73,0.12,-2.42
9.394,0.7,0.11,-2.42
9.395,0.67,0.09,-2.42
9.398,0.64,0.08,-2.42
9.4,0.6,0.06,-2.42
9.402000000000001,0.57,0.05,-2.41
9.405,0.53,0.03,-2.41
9.407,0.49,0.02,-2.4
9.408999999999999,0.45,0.0,-2.39
9.412,0.41,-0.02,-2.39
9.415,0.37,-0.04,-2.39
9.417,0.33,-0.05,-2.38
9.419,0.29,-0.07,-2.37
9.422,0.24,-0.09,-2.37
9.424,0.2,-0.11,-2.36
9.427999999999999,0.15,-0.13,-2.35
9.429,0.11,-0.14,-2.34
9.432,0.06,-0.16,-2.33
9.434,0.02,-0.18,-2.32
9.437999999999999,-0.02,-0.19,-2.3
9.439,-0.06,-0.2,-2.29
9.441,-0.1,-0.21,-2.28
9.443999999999999,-0.14,-0.22,-2.26
9.446,-0.18,-0.23,-2.25
9.449,-0.22,-0.24,-2.23
9.452,-0.25,-0.24,-2.22
9.454,-0.28,-0.25,-2.2
9.456,-0.3,-0.25,-2.18
9.459,-0.33,-0.25,-2.17
9.461,-0.35,-0.26,-2.15
9.463,-0.36,-0.27,-2.14
9.466000000000001,-0.38,-0.28,-2.12
9.468,-0.39,-0.29,-2.11
9.472000000000001,-0.4,-0.31,-2.09
9.472999999999999,-0.41,-0.32,-2.07
9.476,-0.42,-0.34,-2.04
9.478,-0.43,-0.36,-2.02
9.481,-0.44,-0.39,-1.99
9.482999999999999,-0.45,-0.41,-1.96
9.486,-0.46,-0.43,-1.93
9.488,-0.48,-0.45,-1.9
9.49,-0.5,-0.47,-1.87
9.494,-0.51,-0.49,-1.84
9.495,-0.53,-0.51,-1.8
9.498,-0.55,-0.53,-1.77
9.5,-0.58,-0.55,-1.73
9.503,-0.6,-0.57,-1.7
9.505,-0.62,-0.58,-1.67
9.508,-0.64,-0.6,-1.64
9.51,-0.67,-0.61,-1.61
9.512,-0.7,-0.63,-1.58
9.519,-0.72,-0.64,-1.56
9.52,-0.75,-0.66,-1.53
9.52,-0.77,-0.67,-1.51
9.522,-0.8,-0.68,-1.48
9.526,-0.83,-0.69,-1.46
9.533999999999999,-0.85,-0.7,-1.44
9.535,-0.87,-0.7,-1.42
9.535,-0.9,-0.71,-1.41
9.535,-0.92,-0.71,-1.39
9.538,-0.93,-0.71,-1.37
9.54,-0.95,-0.71,-1.36
9.542,-0.96,-0.71,-1.35
9.544,-0.97,-0.7,-1.34
9.548,-0.98,-0.7,-1.32
9.55,-0.98,-0.69,-1.31
9.552,-0.99,-0.69,-1.3
9.554,-0.99,-0.68,-1.29
9.557,-1.01,-0.7,-1.27
9.559,-1.03,-0.74,-1.26
9.562000000000001,-1.06,-0.74,-1.24
9.564,-1.08,-0.73,-1.22
9.567,-1.09,-0.71,-1.21
9.568999999999999,-1.1,-0.69,-1.2
9.572000000000001,-1.11,-0.66,-1.19
9.574,-1.11,-0.62,-1.19
9.576,-1.11,-0.58,-1.18
9.579,-1.09,-0.53,-1.17
9.581,-1.08,-0.49,-1.17
9.584,-1.06,-0.45,-1.16
9.586,-1.03,-0.42,-1.15
9.589,-1.0,-0.39,-1.14
9.591000000000001,-0.97,-0.37,-1.14
9.594,-0.94,-0.36,-1.13
9.597000000000001,-0.9,-0.36,-1.12
9.599,-0.87,-0.37,-1.11
9.601,-0.83,-0.38,-1.1
9.603,-0.8,-0.39,-1.09
9.606,-0.77,-0.4,-1.08
9.607999999999999,-0.73,-0.41,-1.07
9.611,-0.7,-0.41,-1.05
9.613,-0.67,-0.41,-1.04
9.616,-0.64,-0.41,-1.03
9.618,-0.61,-0.4,-1.01
9.62,-0.58,-0.39,-1.0
9.623,-0.55,-0.38,-0.99
9.625,-0.53,-0.37,-0.97
9.628,-0.5,-0.36,-0.96
9.63,-0.48,-0.35,-0.94
9.633,-0.45,-0.34,-0.92
9.635,-0.43,-0.33,-0.9
9.638,-0.4,-0.32,-0.89
9.641,-0.38,-0.31,-0.87
9.642999999999999,-0.35,-0.31,-0.85
9.645,-0.32,-0.3,-0.83
9.648,-0.3,-0.29,-0.82
9.656,-0.28,-0.28,-0.8
9.657,-0.25,-0.26,-0.78
9.657,-0.23,-0.25,-0.77
9.657,-0.2,-0.23,-0.76
9.66,-0.18,-0.22,-0.74
9.662,-0.15,-0.2,-0.73
9.665,-0.13,-0.18,-0.72
9.668,-0.11,-0.16,-0.71
9.67,-0.08,-0.14,-0.7
9.673,-0.06,-0.12,-0.69
9.675,-0.04,-0.1,-0.68
9.677,-0.01,-0.08,-0.67
9.679,0.01,-0.05,-0.66
9.682,0.03,-0.03,-0.65
9.685,0.05,-0.01,-0.64
9.687000000000001,0.07,0.01,-0.63
9.689,0.1,0.03,-0.62
9.692,0.12,0.05,-0.61
9.696,0.14,0.07,-0.59
9.697000000000001,0.16,0.09,-0.58
9.699,0.18,0.11,-0.56
9.702,0.21,0.12,-0.55
9.704,0.23,0.13,-0.53
9.707,0.25,0.15,-0.52
9.709,0.28,0.16,-0.5
9.711,0.3,0.16,-0.48
9.714,0.32,0.17,-0.46
9.716000000000001,0.34,0.17,-0.43
9.719,0.36,0.17,-0.41
9.721,0.39,0.18,-0.39
9.724,0.41,0.18,-0.37
9.726,0.43,0.19,-0.35
9.729,0.46,0.19,-0.33
9.731,0.48,0.2,-0.3
9.732999999999999,0.5,0.2,-0.28
9.736,0.53,0.2,-0.25
9.738,0.55,0.2,-0.22
9.741,0.57,0.21,-0.18
9.743,0.58,0.21,-0.14
9.746,0.6,0.21,-0.1
9.748,0.61,0.22,-0.06
9.753,0.62,0.22,-0.01
9.754,0.63,0.23,0.04
9.756,0.64,0.24,0.1
9.758,0.64,0.26,0.15
9.761000000000001,0.65,0.28,0.21
9.77,0.65,0.31,0.27
9.77,0.66,0.34,0.32
9.771,0.66,0.37,0.36
9.771,0.67,0.4,0.4
9.774,0.68,0.44,0.44
9.775,0.7,0.48,0.47
9.777999999999999,0.71,0.51,0.49
9.78,0.74,0.54,0.51
9.782,0.77,0.57,0.51
9.785,0.8,0.59,0.52
9.788,0.83,0.61,0.52
9.79,0.87,0.63,0.52
9.792,0.92,0.64,0.52
9.795,0.96,0.65,0.51
9.797,1.01,0.66,0.51
9.8,1.05,0.66,0.5
9.802999999999999,1.1,0.66,0.5
9.805,1.15,0.66,0.5
9.807,1.19,0.65,0.51
9.81,1.22,0.63,0.52
9.812000000000001,1.25,0.61,0.53
9.814,1.28,0.59,0.55
9.817,1.29,0.56,0.58
9.818999999999999,1.3,0.54,0.61
9.822000000000001,1.3,0.51,0.64
9.824,1.29,0.48,0.67
9.827,1.27,0.46,0.71
9.83,1.24,0.44,0.74
9.832,1.2,0.43,0.79
9.834,1.16,0.43,0.84
9.836,1.1,0.43,0.89
9.839,1.04,0.43,0.95
9.842,0.98,0.43,1.01
9.844,0.91,0.44,1.07
9.846,0.84,0.44,1.14
9.849,0.78,0.44,1.2
9.854,0.71,0.44,1.27
9.854,0.65,0.43,1.34
9.856,0.59,0.42,1.42
9.859,0.54,0.41,1.49
9.861,0.48,0.4,1.56
9.87,0.44,0.38,1.63
9.87,0.4,0.37,1.7
9.87,0.36,0.36,1.76
9.871,0.33,0.35,1.82
9.874,0.31,0.35,1.88
9.876,0.29,0.35,1.92
9.878,0.28,0.36,1.96
9.88,0.27,0.37,1.99
9.883,0.26,0.38,2.02
9.886000000000001,0.26,0.39,2.04
9.888,0.27,0.4,2.06
9.89,0.27,0.41,2.08
9.892999999999999,0.28,0.42,2.1
9.895,0.29,0.43,2.11
9.898,0.29,0.45,2.13
9.9,0.3,0.46,2.14
9.902999999999999,0.3,0.46,2.16
9.905,0.31,0.47,2.17
9.908,0.31,0.48,2.18
9.91,0.31,0.49,2.19
9.912,0.3,0.49,2.2
9.915,0.3,0.5,2.21
9.918,0.29,0.5,2.22
9.92,0.27,0.5,2.23
9.922,0.25,0.5,2.25
9.925,0.23,0.5,2.26
9.927,0.21,0.49,2.28
9.93,0.19,0.49,2.3
9.932,0.16,0.47,2.32
9.935,0.13,0.46,2.34
9.937000000000001,0.1,0.44,2.36
9.939,0.07,0.42,2.38
9.942,0.04,0.4,2.41
9.943999999999999,0.01,0.38,2.43
9.948,-0.02,0.35,2.45
9.949,-0.05,0.32,2.47
9.953,-0.08,0.29,2.49
9.954,-0.11,0.26,2.51
9.957,-0.14,0.23,2.53
9.959,-0.16,0.2,2.55
9.962,-0.19,0.18,2.57
9.964,-0.21,0.15,2.59
9.967,-0.23,0.12,2.6
9.969,-0.25,0.09,2.62
9.971,-0.26,0.07,2.64
9.975,-0.27,0.04,2.64
9.976,-0.28,0.02,2.65
9.979,-0.29,0.0,2.67
9.981,-0.29,-0.01,2.67
9.984,-0.29,-0.03,2.68
9.987,-0.28,-0.04,2.69
9.988999999999999,-0.28,-0.05,2.7
9.991,-0.27,-0.06,2.7
9.993,-0.26,-0.06,2.71
9.996,-0.25,-0.06,2.72
9.999,-0.24,-0.07,2.73
10.001,-0.23,-0.06,2.73
10.003,-0.22,-0.06,2.74
10.006,-0.21,-0.06,2.75
10.011000000000001,-0.2,-0.06,2.76
10.011000000000001,-0.19,-0.06,2.77
10.013,-0.18,-0.06,2.78
10.016,-0.17,-0.06,2.79
10.017999999999999,-0.17,-0.06,2.8
10.026,-0.16,-0.06,2.8
10.026,-0.16,-0.06,2.82
10.026,-0.16,-0.06,2.83
10.027999999999999,-0.16,-0.06,2.84
10.031,-0.16,-0.05,2.86
10.033,-0.16,-0.04,2.87
10.035,-0.16,-0.04,2.87
10.038,-0.16,-0.03,2.88
10.04,-0.16,-0.01,2.89
10.043,-0.16,-0.0,2.89
10.045,-0.16,0.01,2.89
10.047,-0.16,0.03,2.89
10.05,-0.16,0.04,2.88
10.054,-0.16,0.05,2.87
10.055,-0.16,0.06,2.86
10.193,-0.15,0.08,2.84
10.193,-0.14,0.08,2.82
10.193999999999999,-0.13,0.09,2.8
10.193999999999999,-0.12,0.1,2.78
10.193999999999999,-0.11,0.1,2.75
10.193999999999999,-0.09,0.11,2.72
10.193999999999999,-0.07,0.11,2.69
10.193999999999999,-0.05,0.11,2.66
10.195,-0.03,0.12,2.63
10.195,-0.01,0.12,2.6
10.195,0.01,0.11,2.56
10.195,0.04,0.11,2.53
10.195,0.07,0.11,2.5
10.196,0.09,0.11,2.46
10.196,0.12,0.1,2.43
10.196,0.15,0.09,2.4
10.196,0.18,0.09,2.36
10.196,0.21,0.08,2.33
10.196,0.23,0.07,2.3
10.197000000000001,0.26,0.06,2.27
10.197000000000001,0.28,0.05,2.25
10.197000000000001,0.31,0.03,2.22
10.197000000000001,0.33,0.02,2.2
10.197000000000001,0.35,0.01,2.17
10.197000000000001,0.37,0.0,2.15
10.197000000000001,0.38,-0.01,2.13
10.198,0.39,-0.01,2.11
10.198,0.4,-0.02,2.09
10.198,0.41,-0.03,2.07
10.198,0.41,-0.04,2.06
10.198,0.42,-0.04,2.04
10.199,0.41,-0.04,2.03
10.199,0.41,-0.05,2.01
10.199,0.41,-0.05,1.99
10.199,0.4,-0.06,1.97
10.199,0.4,-0.06,1.95
10.199,0.38,-0.06,1.93
10.2,0.37,-0.07,1.91
10.2,0.36,-0.07,1.89
10.2,0.35,-0.07,1.87
10.2,0.33,-0.07,1.85
10.2,0.31,-0.07,1.83
10.201,0.3,-0.07,1.8
10.201,0.28,-0.07,1.78
10.201,0.27,-0.07,1.76
10.201,0.25,-0.07,1.73
10.202,0.23,-0.06,1.7
10.202,0.21,-0.05,1.68
10.202,0.19,-0.05,1.65
10.202,0.17,-0.04,1.63
10.202,0.16,-0.03,1.6
10.202,0.14,-0.02,1.57
10.202,0.13,-0.02,1.54
10.203,0.11,-0.01,1.51
10.203,0.1,-0.0,1.48
10.203,0.08,0.0,1.45
10.203,0.07,0.01,1.42
10.203,0.06,0.01,1.38
10.203,0.05,0.02,1.35
10.203,0.04,0.02,1.32
10.206,0.04,0.02,1.28
10.207,0.03,0.03,1.25
10.21,0.03,0.03,1.21
10.212,0.02,0.03,1.17
10.216000000000001,0.02,0.03,1.13
10.218,0.02,0.02,1.09
10.219,0.02,0.02,1.05
10.225,0.02,0.02,1.01
10.226,0.02,0.01,0.97
10.228,0.02,0.0,0.93
10.229,0.02,-0.0,0.88
10.232999999999999,0.02,-0.01,0.84
10.241,0.02,-0.01,0.8
10.242,0.03,-0.02,0.76
10.242,0.03,-0.02,0.72
10.242,0.03,-0.02,0.68
10.245,0.03,-0.02,0.64
10.245999999999999,0.04,-0.01,0.6
10.249,0.04,-0.01,0.56
10.252,0.04,-0.01,0.53
10.254000000000001,0.05,-0.01,0.5
10.255999999999998,0.05,-0.01,0.46
10.259,0.05,-0.0,0.42
10.261,0.06,-0.0,0.39
10.263,0.06,-0.0,0.35
10.265999999999998,0.07,-0.01,0.32
10.267999999999999,0.07,-0.01,0.28
10.270999999999999,0.08,-0.01,0.24
10.273,0.09,-0.01,0.21
10.276,0.09,-0.01,0.17
10.277999999999999,0.1,-0.02,0.14
10.280999999999999,0.1,-0.02,0.1
10.283,0.11,-0.02,0.07
10.286,0.11,-0.02,0.03
10.290999999999999,0.12,-0.02,-0.0
10.292,0.12,-0.03,-0.03
10.293,0.12,-0.03,-0.07
10.295,0.12,-0.03,-0.1
10.298,0.13,-0.03,-0.13
10.307,0.13,-0.03,-0.17
10.308,0.13,-0.04,-0.2
10.308,0.13,-0.04,-0.24
10.308,0.13,-0.04,-0.27
10.311,0.13,-0.04,-0.31
10.312999999999999,0.14,-0.04,-0.35
10.315,0.14,-0.04,-0.39
10.317,0.14,-0.04,-0.43
10.32,0.14,-0.03,-0.47
10.322000000000001,0.14,-0.03,-0.51
10.325,0.14,-0.02,-0.55
10.327,0.15,-0.02,-0.59
10.33,0.15,-0.01,-0.64
10.332,0.16,-0.01,-0.68
10.335,0.17,0.0,-0.72
10.337,0.17,0.0,-0.77
10.34,0.18,0.01,-0.81
10.342,0.19,0.01,-0.86
10.345,0.2,0.01,-0.9
10.347999999999999,0.2,0.01,-0.94
10.349,0.21,0.02,-0.98
10.352,0.22,0.02,-1.03
10.354000000000001,0.23,0.02,-1.06
10.357000000000001,0.23,0.03,-1.1
10.359000000000002,0.24,0.03,-1.13
10.362,0.24,0.04,-1.16
10.364,0.24,0.05,-1.18
10.367,0.24,0.06,-1.2
10.369000000000002,0.24,0.07,-1.22
10.370999999999999,0.23,0.08,-1.24
10.374,0.22,0.09,-1.26
10.376,0.21,0.1,-1.28
10.38,0.19,0.11,-1.3
10.380999999999998,0.18,0.13,-1.32
10.384,0.16,0.15,-1.34
10.386,0.14,0.16,-1.36
10.39,0.12,0.18,-1.39
10.390999999999998,0.1,0.2,-1.41
10.392999999999999,0.07,0.22,-1.45
10.395999999999999,0.05,0.23,-1.48
10.399000000000001,0.02,0.25,-1.52
10.401,0.0,0.25,-1.57
10.402999999999999,-0.02,0.26,-1.62
10.405999999999999,-0.03,0.26,-1.68
10.408,-0.05,0.25,-1.73
10.411,-0.06,0.24,-1.8
10.413,-0.07,0.23,-1.86
10.415999999999999,-0.07,0.22,-1.93
10.418,-0.07,0.21,-1.99
10.423,-0.07,0.2,-2.04
10.425999999999998,-0.06,0.19,-2.1
10.427,-0.06,0.18,-2.15
10.429,-0.05,0.18,-2.19
10.431,-0.04,0.17,-2.22
10.433,-0.03,0.17,-2.25
10.443,-0.02,0.16,-2.28
10.444,-0.01,0.16,-2.31
10.444,0.0,0.15,-2.33
10.444,0.01,0.14,-2.36
10.447000000000001,0.02,0.13,-2.38
10.448,0.03,0.12,-2.4
10.45,0.04,0.11,-2.42
10.452,0.05,0.1,-2.44
10.455,0.05,0.08,-2.45
10.457,0.05,0.07,-2.46
10.46,0.05,0.06,-2.46
10.462,0.05,0.04,-2.47
10.465,0.05,0.03,-2.46
10.468,0.04,0.03,-2.46
10.47,0.03,0.02,-2.46
10.472000000000001,0.02,0.01,-2.45
10.474,0.01,0.01,-2.45
10.477,0.0,0.01,-2.44
10.479000000000001,-0.01,0.01,-2.44
10.482000000000001,-0.02,0.02,-2.44
10.484000000000002,-0.03,0.02,-2.44
10.487,-0.04,0.02,-2.44
10.491,-0.06,0.02,-2.44
10.492,-0.06,0.03,-2.45
10.494000000000002,-0.07,0.03,-2.45
10.495999999999999,-0.08,0.03,-2.46
10.499,-0.09,0.03,-2.47
10.502,-0.09,0.03,-2.49
10.504000000000001,-0.1,0.02,-2.5
10.508,-0.11,0.02,-2.51
10.509,-0.11,0.02,-2.52
10.511,-0.11,0.01,-2.53
10.514000000000001,-0.12,0.01,-2.55
10.515999999999998,-0.12,0.01,-2.56
10.519,-0.12,0.01,-2.57
10.520999999999999,-0.12,0.01,-2.59
10.524000000000001,-0.13,0.0,-2.6
10.526,-0.13,0.0,-2.62
10.527999999999999,-0.14,-0.0,-2.63
10.530999999999999,-0.15,-0.01,-2.65
10.533,-0.15,-0.01,-2.66
10.536,-0.16,-0.02,-2.68
10.538,-0.17,-0.02,-2.69
10.540999999999999,-0.19,-0.03,-2.7
10.543,-0.2,-0.04,-2.7
10.549000000000001,-0.21,-0.06,-2.71
10.549000000000001,-0.23,-0.07,-2.72
10.550999999999998,-0.24,-0.08,-2.72
10.552999999999999,-0.26,-0.09,-2.71
10.555,-0.27,-0.11,-2.71
10.567,-0.29,-0.12,-2.7
10.568,-0.31,-0.13,-2.69
10.568,-0.33,-0.15,-2.68
10.568,-0.35,-0.16,-2.66
10.568,-0.37,-0.18,-2.64
10.57,-0.39,-0.2,-2.61
10.573,-0.41,-0.23,-2.59
10.575,-0.43,-0.25,-2.56
10.577,-0.45,-0.28,-2.52
10.58,-0.47,-0.31,-2.49
10.583,-0.49,-0.34,-2.45
10.585,-0.52,-0.37,-2.41
10.588,-0.54,-0.4,-2.37
10.591,-0.57,-0.43,-2.33
10.592,-0.59,-0.47,-2.29
10.595,-0.62,-0.5,-2.25
10.597000000000001,-0.65,-0.53,-2.21
10.6,-0.67,-0.55,-2.17
10.603,-0.7,-0.57,-2.13
10.605,-0.73,-0.59,-2.1
10.607000000000001,-0.75,-0.61,-2.07
10.609000000000002,-0.78,-0.62,-2.04
10.612,-0.8,-0.63,-2.01
10.614,-0.82,-0.64,-1.99
10.617,-0.84,-0.65,-1.97
10.619000000000002,-0.85,-0.66,-1.95
10.622,-0.87,-0.67,-1.93
10.625,-0.88,-0.68,-1.92
10.63,-0.89,-0.7,-1.9
10.63,-0.9,-0.71,-1.9
10.632,-0.91,-0.71,-1.89
10.634,-0.92,-0.72,-1.88
10.637,-0.93,-0.73,-1.87
10.639000000000001,-0.93,-0.73,-1.86
10.640999999999998,-0.94,-0.73,-1.85
10.644,-0.94,-0.73,-1.85
10.648,-0.93,-0.73,-1.83
10.649000000000001,-0.93,-0.73,-1.83
10.651,-0.93,-0.73,-1.81
10.654000000000002,-0.92,-0.73,-1.8
10.655999999999999,-0.92,-0.72,-1.78
10.659,-0.91,-0.72,-1.76
10.661,-0.9,-0.72,-1.74
10.664000000000001,-0.89,-0.72,-1.72
10.665999999999999,-0.88,-0.72,-1.7
10.67,-0.87,-0.72,-1.67
10.671,-0.85,-0.72,-1.65
10.673,-0.84,-0.72,-1.62
10.675999999999998,-0.82,-0.72,-1.59
10.677999999999999,-0.8,-0.71,-1.56
10.681,-0.79,-0.71,-1.53
10.683,-0.77,-0.7,-1.5
10.685,-0.74,-0.7,-1.47
10.687999999999999,-0.73,-0.69,-1.43
10.69,-0.7,-0.69,-1.4
10.693,-0.68,-0.68,-1.36
10.696,-0.66,-0.67,-1.33
10.698,-0.64,-0.67,-1.3
10.7,-0.62,-0.66,-1.26
10.706,-0.6,-0.65,-1.24
10.706,-0.58,-0.64,-1.21
10.708,-0.56,-0.63,-1.18
10.71,-0.55,-0.62,-1.15
10.725,-0.53,-0.61,-1.13
10.725,-0.52,-0.6,-1.11
10.725999999999999,-0.5,-0.59,-1.09
10.725999999999999,-0.48,-0.57,-1.08
10.725999999999999,-0.47,-0.56,-1.07
10.725999999999999,-0.45,-0.55,-1.06
10.727,-0.44,-0.54,-1.06
10.73,-0.42,-0.52,-1.05
10.732000000000001,-0.41,-0.51,-1.05
10.735,-0.39,-0.5,-1.05
10.737,-0.38,-0.49,-1.05
10.74,-0.36,-0.47,-1.05
10.742,-0.35,-0.46,-1.05
10.744000000000002,-0.33,-0.45,-1.05
10.748,-0.31,-0.44,-1.05
10.75,-0.3,-0.43,-1.06
10.752,-0.28,-0.41,-1.06
10.754000000000001,-0.26,-0.4,-1.06
10.757,-0.24,-0.38,-1.06
10.759,-0.22,-0.36,-1.06
10.762,-0.2,-0.34,-1.05
10.764000000000001,-0.18,-0.32,-1.05
10.765999999999998,-0.16,-0.3,-1.04
10.77,-0.14,-0.28,-1.03
10.770999999999999,-0.11,-0.26,-1.02
10.774000000000001,-0.09,-0.25,-1.01
10.776,-0.07,-0.23,-1.0
10.779000000000002,-0.05,-0.22,-0.99
10.782,-0.02,-0.21,-0.97
10.784,-0.01,-0.2,-0.95
10.786,0.01,-0.19,-0.94
10.789000000000001,0.03,-0.19,-0.92
10.790999999999999,0.04,-0.18,-0.9
10.939,0.05,-0.18,-0.88
10.94,0.06,-0.17,-0.86
10.94,0.07,-0.17,-0.84
10.94,0.08,-0.16,-0.82
10.94,0.08,-0.15,-0.81
10.94,0.08,-0.15,-0.79
10.940999999999999,0.09,-0.15,-0.77
10.940999999999999,0.09,-0.14,-0.75
10.940999999999999,0.09,-0.15,-0.74
10.940999999999999,0.08,-0.15,-0.72
10.940999999999999,0.08,-0.16,-0.7
10.940999999999999,0.07,-0.17,-0.69
10.942,0.06,-0.18,-0.67
10.942,0.06,-0.19,-0.65
10.942,0.04,-0.21,-0.63
10.942,0.03,-0.22,-0.61
10.942,0.02,-0.23,-0.59
10.943,0.01,-0.24,-0.57
10.943,-0.01,-0.25,-0.55
10.943,-0.02,-0.25,-0.54
10.943,-0.03,-0.25,-0.52
10.943,-0.04,-0.26,-0.5
10.943,-0.06,-0.26,-0.48
10.944,-0.07,-0.26,-0.46
10.944,-0.08,-0.25,-0.44
10.944,-0.08,-0.25,-0.42
10.944,-0.09,-0.24,-0.4
10.944,-0.09,-0.23,-0.38
10.944,-0.09,-0.22,-0.35
10.945,-0.09,-0.21,-0.33
10.945,-0.09,-0.2,-0.3
10.945,-0.08,-0.18,-0.28
10.945,-0.07,-0.17,-0.26
10.945,-0.06,-0.16,-0.24
10.946,-0.04,-0.14,-0.21
10.946,-0.03,-0.13,-0.19
10.946,-0.01,-0.11,-0.16
10.946,0.01,-0.09,-0.14
10.946,0.03,-0.08,-0.11
10.946,0.05,-0.06,-0.08
10.946,0.07,-0.04,-0.05
10.947000000000001,0.09,-0.02,-0.02
10.947000000000001,0.11,0.0,0.02
10.947000000000001,0.13,0.02,0.06
10.947000000000001,0.15,0.03,0.09
10.947000000000001,0.16,0.04,0.14
10.947000000000001,0.17,0.06,0.18
10.948,0.19,0.08,0.22
10.948,0.2,0.11,0.27
10.948,0.21,0.14,0.31
10.948,0.22,0.16,0.35
10.948,0.23,0.19,0.4
10.948,0.23,0.21,0.45
10.949000000000002,0.24,0.23,0.5
10.949000000000002,0.24,0.25,0.55
10.949000000000002,0.24,0.26,0.6
10.949000000000002,0.24,0.28,0.65
10.949000000000002,0.23,0.3,0.7
10.949000000000002,0.23,0.31,0.75
10.949000000000002,0.22,0.33,0.8
10.95,0.22,0.34,0.84
10.95,0.21,0.36,0.87
10.95,0.2,0.38,0.91
10.95,0.2,0.41,0.94
10.952,0.19,0.43,0.97
10.953,0.18,0.45,1.0
10.955,0.18,0.47,1.02
10.958,0.18,0.48,1.04
10.964,0.18,0.5,1.06
10.964,0.19,0.51,1.07
10.966,0.19,0.52,1.08
10.968,0.2,0.52,1.09
10.97,0.21,0.52,1.1
10.989,0.22,0.51,1.11
10.99,0.23,0.51,1.12
10.99,0.23,0.5,1.13
10.99,0.24,0.48,1.14
10.991,0.25,0.47,1.15
10.991,0.25,0.45,1.17
10.991,0.26,0.43,1.18
10.991,0.26,0.42,1.2
10.993,0.26,0.41,1.22
11.005,0.25,0.4,1.24
11.005,0.25,0.38,1.26
11.005999999999998,0.24,0.38,1.28
11.005999999999998,0.23,0.37,1.3
11.005999999999998,0.22,0.37,1.32
11.007,0.2,0.36,1.34
11.009,0.18,0.35,1.36
11.012,0.16,0.34,1.38
11.014000000000001,0.14,0.34,1.41
11.017000000000001,0.12,0.33,1.43
11.019,0.09,0.32,1.46
11.022,0.07,0.31,1.48
11.024000000000001,0.05,0.3,1.51
11.03,0.03,0.29,1.53
11.030999999999999,0.01,0.28,1.56
11.032,-0.01,0.28,1.59
11.034,-0.02,0.27,1.61
11.036,-0.02,0.27,1.63
